,CBC_Closed,CBC_close,CBC_isOpen,CBC_open,ExU_On,ExU_isOff,HP_Pump_isOff,LP_Pump_On,MPA_A_701124,MPA_InitPos,MPA_WorkPos,MPA_toInitPos,MPA_toWorkPos,MPC_Closed,MPC_close,MPC_isOpen,MPC_open,MP_Inactive,M_Lifebit,M_PowerOnDuration,M_WarnWithStacklight,Prog_A_701330,Prog_CuttingTime,Prog_CycleTime,Prog_LineNo,Prog_Name,Prog_Name_LineNo,SL_Green,SL_Red,SR_A_67040,Spd_ActPos_C,Spd_ActPos_X,Spd_ActPos_Z,Spd_ActSpeed_C,Spd_ActSpeed_X,Spd_ActSpeed_Z,Spd_InnerCoolOn,Spd_OuterCoolOn,TL_Locked,TL_lock,TL_unlock,T_A_701309,T_ActToolIdent,WCL_InitPos,WCL_Locked,WCL_Unlocked,WCL_WorkPos,WCL_toInitPos,WCL_toWorkPos,SRL_lock,SRL_unlock,SRL_Unlocked,CLF_Filter_Ok,CLT_Level_lt_Min,F_Filter_Ok,HP_Pump_Ok,Hyd_Filter_Ok,Hyd_IsEnabled,Hyd_Level_Ok,Hyd_Pump_Ok,Hyd_Pump_On,Hyd_Pump_isOff,Hyd_Temp_lt_70,Hyd_Temp_lt_80,Hyd_Valve_P_Up,LP_Pump_Ok,LT_Level_Ok,LT_Pump_Ok,Lubr_On,Lubr_P_Ok,M_ErrorActive,M_WarnActive,SL_Yellow,SRL_Locked,SR_loosen,SR_tighten,WC_inPos,WC_collet_inPos,WC_finPart_inPos,WC_inTendingPos,WC_rawPart_inPos,label
0,1.0,1.0,0.0,0.0,1.0,0.0,0.0,0.0,1.0,1.0,0.0,0.0,1.0,0.0,0.0,1.0,1.0,1.0,1.0,134.0,1.0,0.0,136092.108,89.332,60.16881,22.37063,69.62972,1.0,0.0,0.0,125.394,150.0,495.0,0.0,0.0,0.0,0.0,0.0,1.0,1.0,0.0,0.0,831.99823,1.0,0.0,1.0,0.0,1.0,0.0,0.0,0.0,0.0,0.0,0.0,0.0,0.0,0.0,0.0,0.0,0.0,0.0,0.0,0.0,0.0,0.0,0.0,0.0,0.0,0.0,0.0,0.0,0.0,0.0,0.0,0.0,0.0,0.0,0.0,0.0,0.0,0.0,1
1,1.0,1.0,0.0,0.0,1.0,0.0,0.0,0.0,1.0,1.0,0.0,0.0,1.0,0.0,0.0,1.0,1.0,1.0,0.0,13.0,1.0,0.0,134760.526,91.43,60.16881,22.37063,69.62972,1.0,0.0,0.0,199.324,150.0,495.0,0.0,0.0,0.0,0.0,0.0,1.0,1.0,0.0,0.0,831.99823,1.0,0.0,1.0,0.0,1.0,0.0,1.0,0.0,0.0,0.0,0.0,0.0,0.0,0.0,0.0,0.0,0.0,0.0,0.0,0.0,0.0,0.0,0.0,0.0,0.0,0.0,0.0,0.0,0.0,0.0,0.0,0.0,0.0,0.0,0.0,0.0,0.0,0.0,1
2,1.0,1.0,0.0,0.0,1.0,0.0,0.0,0.0,1.0,1.0,0.0,0.0,1.0,0.0,0.0,1.0,1.0,1.0,0.0,146.0,1.0,1.0,136205.576,92.45,60.16881,22.37063,69.62972,1.0,0.0,0.0,83.481,150.0,495.0,0.0,0.0,0.0,0.0,0.0,1.0,1.0,0.0,0.0,831.99823,1.0,0.0,1.0,0.0,1.0,0.0,0.0,0.0,0.0,0.0,0.0,0.0,0.0,0.0,0.0,0.0,0.0,0.0,0.0,0.0,0.0,0.0,0.0,0.0,0.0,0.0,0.0,0.0,0.0,0.0,0.0,0.0,0.0,0.0,0.0,0.0,0.0,0.0,1
3,1.0,1.0,0.0,0.0,1.0,0.0,0.0,1.0,1.0,0.0,1.0,1.0,0.0,0.0,0.0,1.0,1.0,1.0,0.0,30.0,1.0,0.0,134930.87,121.024,95.81183,324.73953,115.45782,1.0,0.0,0.0,112.41,59.826,495.0,-60272.1,0.0,0.0,1.0,0.0,1.0,1.0,0.0,0.0,471.62778,1.0,0.0,1.0,0.0,1.0,0.0,0.0,0.0,0.0,0.0,0.0,0.0,0.0,0.0,0.0,0.0,0.0,0.0,0.0,0.0,0.0,0.0,0.0,0.0,0.0,0.0,0.0,0.0,0.0,0.0,0.0,0.0,0.0,0.0,0.0,0.0,0.0,0.0,1
4,1.0,1.0,0.0,0.0,1.0,0.0,0.0,1.0,1.0,0.0,1.0,1.0,0.0,0.0,0.0,1.0,1.0,1.0,0.0,64.0,1.0,0.0,135339.82,89.502,95.81183,324.73953,115.45782,1.0,0.0,0.0,100.344,59.826,495.0,-60272.1,0.0,0.0,1.0,0.0,1.0,1.0,0.0,0.0,471.62778,1.0,0.0,1.0,0.0,1.0,0.0,1.0,0.0,0.0,0.0,0.0,0.0,0.0,0.0,0.0,0.0,0.0,0.0,0.0,0.0,0.0,0.0,0.0,0.0,0.0,0.0,0.0,0.0,0.0,0.0,0.0,0.0,0.0,0.0,0.0,0.0,0.0,0.0,1
5,1.0,1.0,0.0,0.0,0.0,0.0,0.0,1.0,1.0,0.0,1.0,1.0,0.0,0.0,0.0,1.0,1.0,1.0,1.0,67.0,1.0,0.0,135382.404,162.566,95.81183,324.73953,115.45782,1.0,1.0,0.0,222.146,59.826,495.0,-60272.1,0.0,0.0,1.0,0.0,1.0,1.0,0.0,0.0,471.62778,1.0,0.0,1.0,0.0,1.0,0.0,0.0,0.0,0.0,0.0,0.0,0.0,0.0,0.0,0.0,0.0,0.0,0.0,0.0,0.0,0.0,0.0,0.0,0.0,0.0,0.0,0.0,0.0,0.0,0.0,0.0,0.0,0.0,0.0,0.0,0.0,0.0,0.0,1
6,1.0,1.0,0.0,0.0,1.0,0.0,0.0,1.0,1.0,0.0,1.0,1.0,0.0,0.0,0.0,1.0,1.0,1.0,0.0,48.0,1.0,0.0,135146.75,121.6,95.81183,324.73953,115.45782,1.0,0.0,0.0,156.359,59.826,495.0,-60272.1,0.0,0.0,1.0,0.0,1.0,1.0,0.0,0.0,471.62778,1.0,0.0,1.0,0.0,1.0,0.0,1.0,0.0,0.0,0.0,0.0,0.0,0.0,0.0,0.0,0.0,0.0,0.0,0.0,0.0,0.0,0.0,0.0,0.0,0.0,0.0,0.0,0.0,0.0,0.0,0.0,0.0,0.0,0.0,0.0,0.0,0.0,0.0,1
7,1.0,1.0,0.0,0.0,1.0,0.0,0.0,1.0,1.0,0.0,1.0,1.0,0.0,0.0,0.0,1.0,1.0,1.0,0.0,74.0,1.0,1.0,135453.312,96.1,95.81183,324.73953,115.45782,1.0,0.0,0.0,222.021,59.826,495.0,-60272.1,0.0,0.0,1.0,0.0,1.0,1.0,0.0,0.0,471.62778,1.0,0.0,1.0,0.0,1.0,0.0,0.0,0.0,0.0,0.0,0.0,0.0,0.0,0.0,0.0,0.0,0.0,0.0,0.0,0.0,0.0,0.0,0.0,0.0,0.0,0.0,0.0,0.0,0.0,0.0,0.0,0.0,0.0,0.0,0.0,0.0,0.0,0.0,1
8,1.0,1.0,0.0,0.0,1.0,0.0,0.0,0.0,0.0,1.0,0.0,1.0,0.0,1.0,1.0,0.0,0.0,1.0,0.0,46082.0,0.0,0.0,7830439.423,12286.096,53.17364,1000.0,64.39418,1.0,0.0,0.0,0.947,70.179,239.861,-64770.996,0.0,0.0,0.0,0.0,1.0,1.0,0.0,0.0,1000.0,1.0,0.0,1.0,0.0,1.0,0.0,1.0,0.0,0.0,1.0,0.0,1.0,1.0,1.0,1.0,1.0,1.0,1.0,0.0,1.0,1.0,1.0,1.0,1.0,1.0,0.0,0.0,0.0,0.0,0.0,1.0,0.0,1.0,1.0,0.0,0.0,0.0,0.0,0
9,1.0,1.0,0.0,0.0,1.0,0.0,0.0,0.0,0.0,1.0,0.0,1.0,0.0,1.0,1.0,0.0,0.0,1.0,0.0,46132.0,0.0,0.0,7830883.113,15315.286,34.84121,76.9615,41.43666,1.0,0.0,0.0,138.75,150.0,495.0,0.0,0.0,0.0,0.0,0.0,1.0,1.0,0.0,0.0,1000.0,1.0,0.0,1.0,0.0,1.0,0.0,0.0,1.0,1.0,1.0,0.0,1.0,1.0,1.0,1.0,1.0,1.0,1.0,0.0,1.0,1.0,0.0,1.0,1.0,0.0,0.0,0.0,0.0,1.0,0.0,0.0,1.0,0.0,1.0,0.0,0.0,0.0,0.0,0
10,1.0,1.0,0.0,0.0,0.0,1.0,1.0,0.0,0.0,0.0,1.0,0.0,1.0,0.0,0.0,1.0,1.0,0.0,0.0,50176.0,0.0,0.0,7831231.169,257919.66,0.20425,565.46538,0.97306,1.0,1.0,0.0,30.0,153.199,394.607,0.0,0.0,0.0,0.0,0.0,1.0,1.0,0.0,0.0,831.99823,1.0,0.0,1.0,0.0,1.0,0.0,1.0,0.0,0.0,1.0,0.0,1.0,1.0,1.0,1.0,1.0,1.0,1.0,0.0,1.0,1.0,0.0,1.0,1.0,1.0,0.0,0.0,0.0,0.0,0.0,1.0,1.0,0.0,1.0,0.0,0.0,0.0,0.0,0
11,1.0,1.0,0.0,0.0,0.0,1.0,1.0,0.0,0.0,0.0,1.0,0.0,1.0,0.0,0.0,1.0,1.0,0.0,1.0,116.0,0.0,0.0,7831949.535,6844.66,80.75234,565.46538,97.77302,0.0,0.0,0.0,30.0,148.467,382.894,0.0,0.0,0.0,0.0,0.0,1.0,1.0,0.0,0.0,831.99823,1.0,0.0,1.0,0.0,1.0,0.0,1.0,0.0,0.0,1.0,0.0,1.0,1.0,1.0,1.0,1.0,1.0,1.0,0.0,1.0,1.0,0.0,1.0,1.0,1.0,0.0,0.0,0.0,0.0,0.0,1.0,1.0,0.0,1.0,0.0,0.0,0.0,0.0,0
12,1.0,1.0,0.0,0.0,1.0,0.0,1.0,0.0,0.0,1.0,0.0,1.0,0.0,1.0,1.0,0.0,0.0,1.0,1.0,116.0,0.0,0.0,7832193.337,6844.66,80.75234,565.46538,97.77302,1.0,0.0,0.0,30.0,150.0,495.0,0.0,0.0,0.0,0.0,0.0,1.0,1.0,0.0,0.0,831.99823,1.0,0.0,1.0,0.0,1.0,0.0,0.0,1.0,1.0,1.0,0.0,1.0,1.0,1.0,1.0,1.0,1.0,1.0,0.0,1.0,1.0,0.0,1.0,1.0,1.0,0.0,0.0,0.0,0.0,0.0,0.0,1.0,0.0,1.0,0.0,0.0,0.0,0.0,0
13,1.0,1.0,0.0,0.0,1.0,0.0,0.0,0.0,0.0,1.0,0.0,1.0,0.0,1.0,1.0,0.0,0.0,1.0,1.0,151.0,0.0,0.0,7832622.222,1958.252,39.03779,60.60236,36.34573,1.0,0.0,0.0,119.358,150.0,495.0,0.0,0.0,0.0,0.0,0.0,1.0,1.0,0.0,0.0,1000.0,1.0,0.0,1.0,0.0,1.0,0.0,0.0,1.0,1.0,1.0,0.0,1.0,1.0,1.0,1.0,1.0,1.0,1.0,0.0,1.0,1.0,1.0,1.0,1.0,1.0,0.0,0.0,0.0,1.0,0.0,0.0,1.0,0.0,1.0,0.0,0.0,0.0,0.0,0
14,1.0,1.0,0.0,0.0,1.0,0.0,0.0,0.0,0.0,1.0,0.0,1.0,0.0,1.0,1.0,0.0,0.0,1.0,1.0,183.0,0.0,0.0,7833051.32,3891.21,39.03779,60.60236,36.34573,1.0,0.0,0.0,134.521,150.0,495.0,0.0,0.0,0.0,0.0,0.0,1.0,1.0,0.0,0.0,1000.0,1.0,0.0,1.0,0.0,1.0,0.0,0.0,1.0,1.0,1.0,0.0,1.0,1.0,1.0,1.0,1.0,1.0,1.0,0.0,1.0,1.0,0.0,1.0,1.0,1.0,0.0,0.0,0.0,1.0,1.0,0.0,1.0,0.0,1.0,0.0,0.0,0.0,0.0,0
15,1.0,1.0,0.0,0.0,1.0,0.0,0.0,0.0,0.0,0.0,1.0,0.0,1.0,0.0,0.0,1.0,1.0,0.0,1.0,306.0,0.0,0.0,7833982.582,11265.592,83.31033,565.46538,89.3393,1.0,0.0,0.0,30.0,167.925,394.574,0.0,0.0,0.0,0.0,0.0,1.0,1.0,0.0,0.0,831.99823,1.0,0.0,1.0,0.0,1.0,0.0,1.0,0.0,0.0,1.0,0.0,1.0,1.0,1.0,1.0,1.0,1.0,1.0,0.0,1.0,1.0,0.0,1.0,1.0,1.0,0.0,0.0,0.0,0.0,0.0,1.0,1.0,0.0,1.0,0.0,0.0,0.0,0.0,0
16,1.0,1.0,0.0,0.0,1.0,0.0,1.0,0.0,0.0,1.0,0.0,1.0,0.0,1.0,1.0,0.0,0.0,1.0,0.0,1356.0,0.0,0.0,7834808.69,0.054,881.07755,275.52018,49.68476,0.0,0.0,0.0,163.998,150.0,495.0,0.0,0.0,0.0,0.0,0.0,1.0,1.0,0.0,0.0,1000.0,1.0,0.0,1.0,0.0,1.0,0.0,0.0,1.0,1.0,1.0,0.0,1.0,1.0,1.0,1.0,1.0,1.0,1.0,0.0,1.0,1.0,0.0,1.0,1.0,1.0,0.0,0.0,0.0,1.0,1.0,0.0,1.0,0.0,1.0,0.0,0.0,0.0,0.0,0
17,0.0,0.0,1.0,1.0,1.0,0.0,0.0,0.0,0.0,1.0,0.0,1.0,0.0,1.0,1.0,0.0,0.0,1.0,0.0,1419.0,0.0,0.0,7835831.874,3454.898,55.22833,60.36081,64.03575,1.0,0.0,0.0,31.14,312.5,495.0,0.0,0.0,0.0,0.0,0.0,1.0,1.0,0.0,0.0,1000.0,0.0,1.0,0.0,1.0,0.0,1.0,0.0,1.0,1.0,1.0,0.0,1.0,1.0,1.0,1.0,1.0,1.0,1.0,0.0,1.0,1.0,0.0,1.0,1.0,1.0,0.0,0.0,0.0,0.0,0.0,0.0,1.0,0.0,1.0,0.0,0.0,0.0,0.0,0
18,1.0,1.0,0.0,0.0,1.0,0.0,0.0,0.0,0.0,1.0,0.0,1.0,0.0,1.0,1.0,0.0,0.0,1.0,1.0,1462.0,0.0,0.0,7836420.932,6049.396,39.03779,60.60236,36.34573,1.0,0.0,0.0,173.262,150.0,495.0,0.0,0.0,0.0,0.0,0.0,1.0,1.0,0.0,0.0,1000.0,1.0,0.0,1.0,0.0,1.0,0.0,0.0,1.0,1.0,1.0,0.0,1.0,1.0,1.0,1.0,1.0,1.0,1.0,0.0,1.0,1.0,0.0,1.0,1.0,0.0,0.0,0.0,0.0,1.0,0.0,0.0,1.0,0.0,1.0,0.0,0.0,0.0,0.0,0
19,1.0,1.0,0.0,0.0,1.0,0.0,0.0,0.0,0.0,1.0,0.0,1.0,0.0,1.0,1.0,0.0,0.0,1.0,0.0,1490.0,0.0,0.0,7836950.63,7720.63,39.03779,60.60236,36.34573,1.0,0.0,0.0,191.514,150.0,495.0,0.0,0.0,0.0,0.0,0.0,1.0,1.0,0.0,0.0,1000.0,1.0,0.0,1.0,0.0,1.0,0.0,0.0,1.0,1.0,1.0,0.0,1.0,1.0,1.0,1.0,1.0,1.0,1.0,0.0,1.0,1.0,0.0,1.0,1.0,0.0,0.0,0.0,0.0,1.0,1.0,0.0,1.0,0.0,1.0,0.0,0.0,0.0,0.0,0
20,1.0,1.0,0.0,0.0,1.0,0.0,1.0,0.0,0.0,1.0,0.0,1.0,0.0,1.0,1.0,0.0,0.0,1.0,1.0,1527.0,0.0,0.0,7837219.072,402.414,61.99611,259.48423,55.19719,1.0,0.0,0.0,74.501,155.0,495.0,43193.848,0.0,0.0,0.0,0.0,1.0,1.0,0.0,0.0,382.36132,1.0,0.0,1.0,0.0,1.0,0.0,0.0,1.0,1.0,1.0,0.0,1.0,1.0,1.0,1.0,1.0,1.0,1.0,0.0,1.0,1.0,0.0,1.0,1.0,1.0,0.0,0.0,0.0,0.0,0.0,0.0,1.0,0.0,1.0,0.0,0.0,0.0,0.0,0
21,1.0,1.0,0.0,0.0,1.0,0.0,0.0,0.0,0.0,1.0,0.0,1.0,0.0,1.0,1.0,0.0,0.0,1.0,0.0,1613.0,0.0,0.0,7837953.684,5567.336,39.03779,60.60236,36.34573,1.0,0.0,0.0,172.565,150.0,495.0,0.0,0.0,0.0,0.0,0.0,1.0,1.0,0.0,0.0,1000.0,1.0,0.0,1.0,0.0,1.0,0.0,0.0,1.0,1.0,1.0,0.0,1.0,1.0,1.0,1.0,1.0,1.0,1.0,0.0,1.0,1.0,0.0,1.0,1.0,1.0,0.0,0.0,0.0,1.0,0.0,0.0,1.0,0.0,1.0,0.0,0.0,0.0,0.0,0
22,1.0,1.0,0.0,0.0,1.0,0.0,0.0,0.0,0.0,1.0,0.0,1.0,0.0,1.0,1.0,0.0,0.0,1.0,1.0,1682.0,0.0,0.0,7838900.659,9664.576,3.16167,263.56143,4.65317,1.0,0.0,0.0,169.334,150.0,495.0,0.0,0.0,0.0,0.0,0.0,1.0,1.0,0.0,0.0,1000.0,1.0,0.0,1.0,0.0,1.0,0.0,0.0,1.0,1.0,1.0,0.0,1.0,1.0,1.0,1.0,1.0,1.0,1.0,0.0,1.0,1.0,0.0,1.0,1.0,1.0,0.0,0.0,0.0,1.0,0.0,0.0,1.0,0.0,1.0,0.0,0.0,0.0,0.0,0
23,0.0,0.0,1.0,1.0,1.0,0.0,1.0,0.0,0.0,1.0,0.0,1.0,0.0,1.0,1.0,0.0,0.0,1.0,0.0,1759.0,0.0,0.0,7839169.193,14310.67,157.76184,82.74894,120.87601,1.0,0.0,0.0,31.14,612.124,313.067,0.0,0.0,-2500.0,0.0,0.0,1.0,1.0,0.0,0.0,382.36132,0.0,1.0,0.0,1.0,0.0,1.0,0.0,1.0,1.0,1.0,0.0,1.0,1.0,1.0,1.0,1.0,1.0,1.0,0.0,1.0,1.0,0.0,1.0,1.0,1.0,0.0,0.0,0.0,0.0,0.0,0.0,1.0,0.0,1.0,0.0,0.0,0.0,0.0,0
24,1.0,1.0,0.0,0.0,1.0,0.0,0.0,0.0,0.0,1.0,0.0,1.0,0.0,1.0,1.0,0.0,0.0,1.0,1.0,2811.0,0.0,0.0,7839799.511,77406.352,70.33386,1000.0,59.11988,1.0,0.0,0.0,30.0,148.499,495.0,0.0,0.0,0.0,0.0,0.0,1.0,1.0,0.0,0.0,104.30586,1.0,0.0,1.0,0.0,1.0,0.0,1.0,0.0,0.0,1.0,0.0,1.0,1.0,1.0,1.0,1.0,1.0,1.0,0.0,1.0,1.0,1.0,1.0,1.0,1.0,0.0,0.0,0.0,0.0,0.0,1.0,1.0,0.0,1.0,0.0,0.0,0.0,0.0,0
25,1.0,1.0,0.0,0.0,0.0,1.0,1.0,0.0,0.0,0.0,1.0,0.0,1.0,0.0,0.0,1.0,1.0,1.0,0.0,2952.0,0.0,0.0,7841897.215,0.092,1000.0,275.52018,371.84518,0.0,0.0,0.0,30.0,140.634,386.507,0.0,0.0,0.0,0.0,0.0,1.0,1.0,0.0,0.0,831.99823,1.0,0.0,1.0,0.0,1.0,0.0,1.0,0.0,0.0,1.0,0.0,1.0,1.0,1.0,1.0,1.0,1.0,1.0,0.0,1.0,1.0,0.0,1.0,1.0,1.0,0.0,0.0,0.0,0.0,0.0,1.0,1.0,0.0,1.0,0.0,0.0,0.0,0.0,0
26,1.0,1.0,0.0,0.0,1.0,0.0,1.0,0.0,0.0,1.0,0.0,1.0,0.0,1.0,1.0,0.0,0.0,1.0,1.0,1570.0,0.0,0.0,7842325.899,92.222,201.99068,275.52018,234.11329,1.0,0.0,0.0,30.008,150.0,495.0,0.0,0.0,0.0,0.0,0.0,1.0,1.0,0.0,0.0,1000.0,1.0,0.0,1.0,0.0,1.0,0.0,0.0,1.0,1.0,1.0,0.0,1.0,1.0,1.0,1.0,1.0,1.0,1.0,0.0,1.0,1.0,1.0,1.0,1.0,1.0,0.0,0.0,0.0,0.0,0.0,0.0,1.0,0.0,1.0,0.0,0.0,0.0,0.0,0
27,0.0,0.0,1.0,1.0,1.0,0.0,1.0,0.0,0.0,1.0,0.0,1.0,0.0,1.0,1.0,0.0,0.0,1.0,0.0,1694.0,0.0,0.0,7842889.073,7518.93,81.73023,82.74894,51.1922,1.0,0.0,0.0,31.14,612.124,495.0,0.0,0.0,0.0,0.0,0.0,1.0,1.0,0.0,0.0,382.36132,1.0,0.0,1.0,0.0,1.0,0.0,0.0,1.0,1.0,1.0,0.0,1.0,1.0,1.0,1.0,1.0,1.0,1.0,0.0,1.0,1.0,0.0,1.0,1.0,1.0,0.0,0.0,0.0,0.0,0.0,0.0,1.0,0.0,1.0,0.0,0.0,0.0,0.0,0
28,1.0,1.0,0.0,0.0,1.0,0.0,1.0,0.0,0.0,1.0,0.0,1.0,0.0,1.0,1.0,0.0,0.0,1.0,0.0,5890.0,0.0,0.0,7844337.319,1926.19,766.47484,251.43585,896.85134,1.0,0.0,0.0,140.722,150.0,495.0,0.0,0.0,0.0,0.0,0.0,1.0,1.0,0.0,0.0,1000.0,1.0,0.0,1.0,0.0,1.0,0.0,0.0,1.0,1.0,1.0,0.0,1.0,1.0,1.0,1.0,1.0,1.0,1.0,0.0,1.0,1.0,0.0,1.0,1.0,1.0,0.0,0.0,0.0,1.0,0.0,0.0,1.0,0.0,1.0,0.0,0.0,0.0,0.0,0
29,1.0,1.0,0.0,0.0,0.0,1.0,1.0,0.0,0.0,1.0,0.0,1.0,0.0,1.0,1.0,0.0,0.0,1.0,1.0,5930.0,0.0,0.0,7844337.319,0.704,1000.0,275.52018,371.84518,0.0,0.0,0.0,159.251,300.0,495.0,0.0,0.0,0.0,0.0,0.0,1.0,1.0,0.0,0.0,382.36132,1.0,0.0,1.0,0.0,1.0,0.0,0.0,1.0,1.0,1.0,0.0,1.0,1.0,1.0,1.0,1.0,1.0,1.0,0.0,1.0,1.0,0.0,1.0,1.0,1.0,0.0,0.0,0.0,0.0,0.0,0.0,1.0,0.0,1.0,0.0,0.0,0.0,0.0,0
30,1.0,1.0,0.0,0.0,1.0,0.0,0.0,0.0,0.0,1.0,0.0,1.0,0.0,1.0,1.0,0.0,0.0,1.0,1.0,5994.0,0.0,0.0,7845190.356,3114.584,39.03779,60.60236,36.34573,1.0,0.0,0.0,195.831,150.0,495.0,0.0,0.0,0.0,0.0,0.0,1.0,1.0,0.0,0.0,1000.0,1.0,0.0,1.0,0.0,1.0,0.0,0.0,1.0,1.0,1.0,0.0,1.0,1.0,1.0,1.0,1.0,1.0,1.0,0.0,1.0,1.0,0.0,1.0,1.0,1.0,0.0,0.0,0.0,1.0,0.0,0.0,1.0,0.0,1.0,0.0,0.0,0.0,0.0,0
31,1.0,1.0,0.0,0.0,1.0,0.0,0.0,0.0,0.0,1.0,0.0,1.0,0.0,1.0,1.0,0.0,0.0,1.0,1.0,6040.0,0.0,0.0,7845804.362,5868.618,554.05005,1000.0,634.26511,1.0,0.0,0.0,72.975,77.162,241.886,-213657.715,-47.459,0.0,0.0,0.0,1.0,1.0,0.0,0.0,1000.0,1.0,0.0,1.0,0.0,1.0,0.0,1.0,0.0,0.0,1.0,0.0,1.0,1.0,1.0,1.0,1.0,1.0,1.0,0.0,1.0,1.0,1.0,1.0,1.0,1.0,0.0,0.0,0.0,0.0,0.0,1.0,1.0,0.0,1.0,0.0,0.0,0.0,0.0,0
32,1.0,1.0,0.0,0.0,0.0,1.0,1.0,0.0,0.0,0.0,1.0,0.0,1.0,0.0,0.0,1.0,1.0,0.0,0.0,6100.0,0.0,0.0,7846443.846,9467.836,80.75234,565.46538,97.77302,0.0,0.0,0.0,30.0,148.467,399.22,0.0,0.0,0.0,0.0,0.0,1.0,1.0,0.0,0.0,831.99823,1.0,0.0,1.0,0.0,1.0,0.0,1.0,0.0,0.0,1.0,0.0,1.0,1.0,1.0,1.0,1.0,1.0,1.0,0.0,1.0,1.0,0.0,1.0,1.0,1.0,0.0,0.0,0.0,0.0,0.0,1.0,1.0,0.0,1.0,0.0,0.0,0.0,0.0,0
33,1.0,1.0,0.0,0.0,0.0,1.0,1.0,0.0,0.0,0.0,1.0,0.0,1.0,0.0,0.0,1.0,1.0,1.0,1.0,6135.0,0.0,0.0,7846443.846,0.088,1000.0,275.52018,371.84518,1.0,0.0,0.0,29.932,150.0,495.0,0.0,0.0,0.0,0.0,0.0,1.0,1.0,0.0,0.0,831.99823,1.0,0.0,1.0,0.0,1.0,0.0,1.0,0.0,0.0,1.0,0.0,1.0,1.0,1.0,1.0,1.0,1.0,1.0,0.0,1.0,1.0,0.0,1.0,1.0,1.0,0.0,0.0,0.0,0.0,0.0,1.0,0.0,1.0,1.0,0.0,0.0,0.0,0.0,0
34,1.0,1.0,0.0,0.0,1.0,0.0,0.0,0.0,0.0,1.0,0.0,1.0,0.0,1.0,1.0,0.0,0.0,1.0,0.0,26.0,0.0,0.0,7846972.028,1192.502,3.16167,263.56143,4.65317,1.0,0.0,0.0,155.739,150.0,495.0,0.0,0.0,0.0,0.0,0.0,1.0,1.0,0.0,0.0,1000.0,1.0,0.0,1.0,0.0,1.0,0.0,0.0,1.0,1.0,1.0,0.0,1.0,1.0,1.0,1.0,1.0,1.0,1.0,0.0,1.0,1.0,0.0,1.0,1.0,1.0,0.0,0.0,0.0,1.0,0.0,0.0,1.0,0.0,1.0,0.0,0.0,0.0,0.0,0
35,1.0,1.0,0.0,0.0,1.0,0.0,0.0,0.0,0.0,0.0,1.0,0.0,1.0,0.0,0.0,1.0,1.0,0.0,1.0,1043.0,0.0,0.0,7848377.242,880.006,100.11571,565.46538,104.08668,1.0,0.0,0.0,30.0,189.967,370.125,0.0,0.0,5400.0,0.0,0.0,1.0,1.0,0.0,0.0,831.99823,1.0,0.0,1.0,0.0,1.0,0.0,1.0,0.0,0.0,1.0,0.0,1.0,1.0,1.0,1.0,1.0,1.0,1.0,0.0,1.0,1.0,0.0,1.0,1.0,1.0,0.0,0.0,0.0,0.0,0.0,1.0,1.0,0.0,1.0,0.0,0.0,0.0,0.0,0
36,1.0,1.0,0.0,0.0,1.0,0.0,0.0,1.0,0.0,1.0,0.0,1.0,0.0,1.0,1.0,0.0,0.0,1.0,0.0,1081.0,0.0,0.0,7849103.608,3164.668,881.07755,110.2354,204.47218,1.0,0.0,0.0,292.004,150.0,495.0,-43185.059,0.0,0.0,1.0,1.0,0.0,0.0,0.0,0.0,1000.0,1.0,0.0,1.0,0.0,1.0,0.0,0.0,1.0,1.0,1.0,0.0,1.0,1.0,1.0,1.0,1.0,1.0,1.0,0.0,1.0,1.0,0.0,1.0,1.0,1.0,0.0,0.0,0.0,1.0,1.0,0.0,1.0,0.0,1.0,0.0,0.0,0.0,0.0,0
37,1.0,1.0,0.0,0.0,1.0,0.0,0.0,0.0,0.0,1.0,0.0,1.0,0.0,1.0,1.0,0.0,0.0,1.0,0.0,1198.0,0.0,0.0,7850375.526418204,10179.110001156258,24.25834,1000.0,27.23162,1.0,0.0,0.0,317.10117,69.70522,254.46334,-196413.57421875,-0.01758260048728636,-163.7000735023213,0.0,0.0,1.0,1.0,0.0,0.0,471.62778,1.0,0.0,1.0,0.0,1.0,0.0,1.0,0.0,0.0,1.0,0.0,1.0,1.0,1.0,1.0,1.0,1.0,1.0,0.0,1.0,1.0,0.0,1.0,1.0,1.0,0.0,0.0,0.0,0.0,0.0,1.0,1.0,0.0,1.0,0.0,0.0,1.0,0.0,0
38,1.0,1.0,0.0,0.0,1.0,0.0,0.0,0.0,0.0,1.0,0.0,1.0,0.0,1.0,1.0,0.0,0.0,1.0,0.0,2464.0,0.0,0.0,7854071.635,63207.38,39.03779,60.60236,36.34573,1.0,0.0,0.0,185.779,150.0,495.0,0.0,0.0,0.0,0.0,0.0,1.0,1.0,0.0,0.0,1000.0,1.0,0.0,1.0,0.0,1.0,0.0,0.0,1.0,1.0,1.0,0.0,1.0,1.0,1.0,1.0,1.0,1.0,1.0,0.0,1.0,1.0,0.0,1.0,1.0,1.0,0.0,0.0,0.0,1.0,0.0,0.0,1.0,0.0,1.0,0.0,0.0,0.0,0.0,0
39,1.0,1.0,0.0,0.0,0.0,1.0,1.0,0.0,0.0,0.0,1.0,0.0,1.0,0.0,0.0,1.0,1.0,1.0,0.0,2569.0,0.0,0.0,7854225.873,0.0,1000.0,275.52018,371.84518,0.0,0.0,0.0,30.0,148.467,425.999,0.0,0.0,0.0,0.0,0.0,1.0,1.0,0.0,0.0,831.99823,1.0,0.0,1.0,0.0,1.0,0.0,1.0,0.0,0.0,1.0,0.0,1.0,1.0,1.0,1.0,1.0,1.0,1.0,0.0,1.0,1.0,1.0,1.0,1.0,1.0,0.0,0.0,0.0,0.0,0.0,1.0,1.0,0.0,1.0,0.0,0.0,0.0,0.0,0
40,1.0,1.0,0.0,0.0,1.0,0.0,0.0,0.0,0.0,1.0,0.0,1.0,0.0,1.0,1.0,0.0,0.0,1.0,0.0,130.0,0.0,0.0,7855943.897,7625.094,100.11571,565.46538,104.08668,1.0,0.0,0.0,30.0,150.0,495.0,0.0,0.0,0.0,0.0,0.0,1.0,1.0,0.0,0.0,831.99823,1.0,0.0,1.0,0.0,1.0,0.0,0.0,1.0,1.0,1.0,0.0,1.0,1.0,1.0,1.0,1.0,1.0,1.0,0.0,1.0,1.0,0.0,1.0,1.0,1.0,0.0,0.0,0.0,0.0,0.0,0.0,1.0,0.0,1.0,0.0,0.0,0.0,0.0,0
41,1.0,1.0,0.0,0.0,1.0,0.0,0.0,0.0,0.0,1.0,0.0,1.0,0.0,1.0,1.0,0.0,0.0,1.0,0.0,310.0,0.0,0.0,7859776.782,18421.368,24.25834,1000.0,27.23162,1.0,0.0,0.0,190.809,150.0,495.0,0.0,0.0,0.0,0.0,0.0,1.0,1.0,0.0,0.0,1000.0,1.0,0.0,1.0,0.0,1.0,0.0,0.0,1.0,1.0,1.0,0.0,1.0,1.0,1.0,1.0,1.0,1.0,1.0,0.0,1.0,1.0,0.0,1.0,1.0,1.0,0.0,0.0,0.0,0.0,0.0,0.0,1.0,0.0,1.0,0.0,0.0,0.0,0.0,0
42,1.0,1.0,0.0,0.0,1.0,0.0,0.0,0.0,0.0,1.0,0.0,1.0,0.0,1.0,1.0,0.0,0.0,1.0,0.0,10761.0,0.0,0.0,7890611.789,9783.064,39.03779,16.38599,2.18679,1.0,0.0,0.0,200.842,150.0,495.0,0.0,0.0,0.0,0.0,0.0,1.0,1.0,0.0,0.0,1000.0,1.0,0.0,1.0,0.0,1.0,0.0,0.0,1.0,1.0,1.0,0.0,1.0,1.0,1.0,1.0,1.0,1.0,1.0,0.0,1.0,1.0,0.0,1.0,1.0,1.0,0.0,0.0,0.0,1.0,1.0,0.0,1.0,0.0,1.0,0.0,0.0,0.0,0.0,0
43,1.0,1.0,0.0,0.0,1.0,0.0,0.0,0.0,0.0,1.0,0.0,1.0,0.0,1.0,1.0,0.0,0.0,1.0,1.0,11444.0,0.0,0.0,7892590.367,2419.018,128.34408,1000.0,142.88249,1.0,0.0,0.0,10.609,150.0,495.0,0.0,0.0,0.0,0.0,0.0,1.0,1.0,0.0,0.0,23.19332,1.0,0.0,1.0,0.0,1.0,0.0,0.0,1.0,1.0,1.0,0.0,1.0,1.0,1.0,1.0,1.0,1.0,1.0,0.0,1.0,1.0,0.0,1.0,1.0,1.0,0.0,0.0,0.0,0.0,0.0,0.0,1.0,0.0,1.0,0.0,0.0,0.0,0.0,0
44,1.0,1.0,0.0,0.0,1.0,0.0,1.0,0.0,0.0,1.0,0.0,1.0,0.0,1.0,1.0,0.0,0.0,1.0,1.0,11504.0,0.0,0.0,7893448.377,550.542,139.23599,35.25593,113.42946,1.0,0.0,0.0,0.0,150.0,495.0,0.0,0.0,0.0,0.0,0.0,1.0,1.0,0.0,0.0,1000.0,1.0,0.0,1.0,0.0,1.0,0.0,0.0,1.0,1.0,1.0,0.0,1.0,1.0,1.0,1.0,1.0,1.0,1.0,0.0,1.0,1.0,0.0,1.0,1.0,1.0,0.0,0.0,0.0,0.0,0.0,0.0,1.0,0.0,1.0,0.0,0.0,0.0,0.0,0
45,1.0,1.0,0.0,0.0,1.0,0.0,0.0,0.0,0.0,1.0,0.0,1.0,0.0,1.0,1.0,0.0,0.0,1.0,1.0,18869.0,0.0,0.0,7895881.136,12177.172,162.99984,201.90284,125.33746,1.0,0.0,0.0,31.14,312.5,495.0,0.0,0.0,0.0,0.0,0.0,1.0,1.0,0.0,0.0,1000.0,1.0,0.0,1.0,0.0,1.0,0.0,0.0,1.0,1.0,1.0,0.0,1.0,1.0,1.0,1.0,1.0,1.0,1.0,0.0,1.0,1.0,0.0,1.0,1.0,1.0,0.0,0.0,0.0,1.0,0.0,0.0,1.0,0.0,1.0,0.0,0.0,0.0,0.0,0
46,0.0,0.0,1.0,1.0,1.0,0.0,1.0,0.0,0.0,1.0,0.0,1.0,0.0,1.0,1.0,0.0,0.0,1.0,1.0,18904.0,0.0,0.0,7896397.6,14278.198,227.14223,259.48423,31.07383,1.0,0.0,0.0,31.14,749.25,288.224,0.0,0.0,-2000.0,0.0,0.0,1.0,1.0,0.0,0.0,382.36132,0.0,1.0,0.0,1.0,0.0,1.0,0.0,1.0,1.0,1.0,0.0,1.0,1.0,1.0,1.0,1.0,1.0,1.0,0.0,1.0,1.0,0.0,1.0,1.0,1.0,0.0,0.0,0.0,0.0,0.0,0.0,1.0,0.0,1.0,0.0,0.0,0.0,0.0,0
47,1.0,1.0,0.0,0.0,1.0,0.0,1.0,0.0,0.0,1.0,0.0,1.0,0.0,1.0,1.0,0.0,0.0,1.0,0.0,19044.0,0.0,0.0,7897151.154,22673.854,881.07755,98.4155,400.96236,1.0,0.0,0.0,126.632,150.0,495.0,0.0,0.0,0.0,0.0,0.0,1.0,1.0,0.0,0.0,290.65445,1.0,0.0,1.0,0.0,1.0,0.0,0.0,1.0,1.0,1.0,0.0,1.0,1.0,1.0,1.0,1.0,1.0,1.0,0.0,1.0,1.0,0.0,1.0,1.0,1.0,0.0,0.0,0.0,1.0,0.0,0.0,1.0,0.0,1.0,0.0,0.0,0.0,0.0,0
48,1.0,1.0,0.0,0.0,1.0,0.0,0.0,0.0,0.0,1.0,0.0,1.0,0.0,1.0,1.0,0.0,0.0,1.0,1.0,19079.0,0.0,0.0,7897960.24,24768.444,112.61858,1000.0,134.61514,1.0,0.0,0.0,262.382,70.516,287.144,-172568.848,-71.882,0.0,0.0,0.0,1.0,1.0,0.0,0.0,471.62778,1.0,0.0,1.0,0.0,1.0,0.0,1.0,0.0,0.0,1.0,0.0,1.0,1.0,1.0,1.0,1.0,1.0,1.0,0.0,1.0,1.0,1.0,1.0,1.0,1.0,0.0,0.0,0.0,0.0,0.0,1.0,1.0,0.0,1.0,0.0,0.0,0.0,0.0,0
49,1.0,1.0,0.0,0.0,1.0,0.0,0.0,0.0,0.0,1.0,0.0,1.0,0.0,1.0,1.0,0.0,0.0,1.0,0.0,20139.0,0.0,0.0,7898732.536,88370.342,93.73001,565.46538,87.55479,1.0,0.0,0.0,30.0,150.0,495.0,0.0,0.0,0.0,0.0,0.0,1.0,1.0,0.0,0.0,1000.0,1.0,0.0,1.0,0.0,1.0,0.0,0.0,1.0,1.0,1.0,0.0,1.0,1.0,1.0,1.0,1.0,1.0,1.0,0.0,1.0,1.0,0.0,1.0,1.0,1.0,0.0,0.0,0.0,0.0,0.0,0.0,1.0,0.0,1.0,0.0,0.0,0.0,0.0,0
50,1.0,1.0,0.0,0.0,1.0,0.0,0.0,0.0,0.0,1.0,0.0,1.0,0.0,1.0,1.0,0.0,0.0,1.0,1.0,20309.0,0.0,0.0,7899329.62,98570.602,128.34408,1000.0,142.88249,1.0,0.0,0.0,184.446,150.0,495.0,0.0,0.0,0.0,0.0,0.0,1.0,1.0,0.0,0.0,1000.0,1.0,0.0,1.0,0.0,1.0,0.0,0.0,1.0,1.0,1.0,0.0,1.0,1.0,1.0,1.0,1.0,1.0,1.0,0.0,1.0,1.0,0.0,1.0,1.0,0.0,0.0,0.0,0.0,0.0,0.0,0.0,1.0,0.0,1.0,0.0,0.0,0.0,0.0,0
51,1.0,1.0,0.0,0.0,1.0,0.0,1.0,0.0,0.0,1.0,0.0,1.0,0.0,1.0,1.0,0.0,0.0,1.0,1.0,20399.0,0.0,0.0,7900158.461,103969.212,157.76184,82.74894,120.87601,1.0,0.0,0.0,31.14,150.0,495.0,0.0,0.0,0.0,0.0,0.0,1.0,1.0,0.0,0.0,1000.0,1.0,0.0,1.0,0.0,1.0,0.0,0.0,1.0,1.0,1.0,0.0,1.0,1.0,1.0,1.0,1.0,1.0,1.0,0.0,1.0,1.0,0.0,1.0,1.0,1.0,0.0,0.0,0.0,0.0,0.0,0.0,1.0,0.0,1.0,0.0,0.0,0.0,0.0,0
52,1.0,1.0,0.0,0.0,1.0,0.0,0.0,0.0,0.0,1.0,0.0,1.0,0.0,1.0,1.0,0.0,0.0,1.0,0.0,20524.0,0.0,0.0,7900987.263,111469.252,28.62019,1000.0,35.33804,1.0,0.0,0.0,304.108,150.0,495.0,0.0,0.0,0.0,0.0,0.0,1.0,1.0,0.0,0.0,1000.0,1.0,0.0,1.0,0.0,1.0,0.0,0.0,1.0,1.0,1.0,0.0,1.0,1.0,1.0,1.0,1.0,1.0,1.0,0.0,1.0,1.0,1.0,1.0,1.0,1.0,0.0,0.0,0.0,0.0,0.0,0.0,1.0,0.0,1.0,0.0,0.0,0.0,0.0,0
53,1.0,1.0,0.0,0.0,1.0,0.0,0.0,0.0,0.0,0.0,1.0,0.0,1.0,0.0,0.0,1.0,1.0,0.0,1.0,23218.0,0.0,0.0,7901922.150867353,273155.812172968,27.68845,565.46538,33.34741,1.0,0.0,0.0,30.0,117.1618,360.692,0.0,100.0,0.0,0.0,0.0,1.0,1.0,0.0,0.0,831.99823,1.0,0.0,1.0,0.0,1.0,0.0,1.0,0.0,0.0,1.0,0.0,1.0,1.0,1.0,1.0,1.0,1.0,1.0,0.0,1.0,1.0,0.0,1.0,1.0,0.0,0.0,0.0,0.0,0.0,0.0,1.0,1.0,0.0,1.0,0.0,0.0,1.0,0.0,0
54,1.0,1.0,0.0,0.0,1.0,0.0,0.0,0.0,0.0,1.0,0.0,1.0,0.0,1.0,1.0,0.0,0.0,1.0,1.0,27300.0,0.0,0.0,7903384.755,2681.302,5.04471,16.38599,6.57671,1.0,0.0,0.0,137.906,150.0,495.0,0.0,0.0,0.0,0.0,0.0,1.0,1.0,0.0,0.0,1000.0,1.0,0.0,1.0,0.0,1.0,0.0,0.0,1.0,1.0,1.0,0.0,1.0,1.0,1.0,1.0,1.0,1.0,1.0,0.0,1.0,1.0,0.0,1.0,1.0,1.0,0.0,0.0,0.0,1.0,0.0,0.0,1.0,0.0,1.0,0.0,0.0,0.0,0.0,0
55,1.0,1.0,0.0,0.0,1.0,0.0,1.0,0.0,0.0,1.0,0.0,1.0,0.0,1.0,1.0,0.0,0.0,1.0,1.0,27376.0,0.0,0.0,7903973.029,7216.048,335.76357,139.4693,396.32795,1.0,0.0,0.0,174.712,150.0,495.0,0.0,0.0,0.0,0.0,0.0,1.0,1.0,0.0,0.0,193.71613,1.0,0.0,1.0,0.0,1.0,0.0,0.0,1.0,1.0,1.0,0.0,1.0,1.0,1.0,1.0,1.0,1.0,1.0,0.0,1.0,1.0,0.0,1.0,1.0,1.0,0.0,0.0,0.0,0.0,0.0,0.0,1.0,0.0,1.0,0.0,0.0,0.0,0.0,0
56,1.0,1.0,0.0,0.0,1.0,0.0,0.0,1.0,0.0,1.0,0.0,1.0,0.0,1.0,1.0,0.0,0.0,1.0,0.0,27428.0,0.0,0.0,7904386.991271372,1349.1499999819207,5.43697,1000.0,7.87997,1.0,0.0,0.0,191.43428,-2.68069,444.41,-215969.23828125,0.0,-35857.74980320641,0.0,1.0,1.0,1.0,0.0,0.0,290.65445,1.0,0.0,1.0,0.0,1.0,0.0,1.0,0.0,0.0,1.0,0.0,1.0,1.0,1.0,1.0,1.0,1.0,1.0,0.0,1.0,1.0,0.0,1.0,1.0,1.0,0.0,0.0,0.0,0.0,0.0,1.0,1.0,0.0,1.0,0.0,0.0,1.0,0.0,0
57,0.0,0.0,1.0,1.0,1.0,0.0,1.0,0.0,0.0,1.0,0.0,1.0,0.0,1.0,1.0,0.0,0.0,1.0,1.0,27473.0,0.0,0.0,7905424.961,4054.03,157.76184,82.74894,120.87601,1.0,0.0,0.0,31.14,612.124,353.15,0.0,0.0,-2500.0,0.0,0.0,1.0,1.0,0.0,0.0,382.36132,0.0,1.0,0.0,1.0,0.0,1.0,0.0,1.0,1.0,1.0,0.0,1.0,1.0,1.0,1.0,1.0,1.0,1.0,0.0,1.0,1.0,0.0,1.0,1.0,1.0,0.0,0.0,0.0,0.0,0.0,0.0,1.0,0.0,1.0,0.0,0.0,0.0,0.0,0
58,0.0,0.0,1.0,1.0,1.0,0.0,1.0,0.0,0.0,1.0,0.0,1.0,0.0,1.0,1.0,0.0,0.0,1.0,0.0,27543.0,0.0,0.0,7906069.045547082,8247.42000076272,20.55627,259.48423,24.88437,1.0,0.0,0.0,31.14,749.25,495.0,0.0,0.0,0.0,0.0,0.0,1.0,1.0,0.0,0.0,382.36132,0.0,1.0,1.0,1.0,0.0,1.0,0.0,1.0,1.0,1.0,0.0,1.0,1.0,1.0,1.0,1.0,1.0,1.0,0.0,1.0,1.0,0.0,1.0,1.0,1.0,0.0,0.0,0.0,0.0,0.0,0.0,1.0,0.0,1.0,0.0,1.0,0.0,1.0,0
59,1.0,1.0,0.0,0.0,1.0,0.0,0.0,1.0,0.0,1.0,0.0,1.0,0.0,1.0,1.0,0.0,0.0,1.0,0.0,27763.0,0.0,0.0,7907370.832,935.848,881.07755,110.2354,204.47218,1.0,0.0,0.0,229.121,150.0,495.0,-38882.812,0.0,0.0,1.0,1.0,1.0,0.0,1.0,0.0,1000.0,1.0,0.0,1.0,0.0,1.0,0.0,0.0,1.0,1.0,1.0,0.0,1.0,1.0,1.0,1.0,1.0,1.0,1.0,0.0,1.0,1.0,1.0,1.0,1.0,1.0,0.0,0.0,0.0,1.0,1.0,0.0,1.0,0.0,1.0,0.0,0.0,0.0,0.0,0
60,1.0,1.0,0.0,0.0,1.0,0.0,0.0,0.0,0.0,1.0,0.0,1.0,0.0,1.0,1.0,0.0,0.0,1.0,1.0,27918.0,0.0,0.0,7908044.134,10234.686,151.22828,1000.0,155.58841,1.0,0.0,0.0,336.474,8.154,335.269,-177328.125,-0.018,-128.054,0.0,1.0,1.0,1.0,0.0,0.0,290.65445,1.0,0.0,1.0,0.0,1.0,0.0,1.0,0.0,0.0,1.0,0.0,1.0,1.0,1.0,1.0,1.0,1.0,1.0,0.0,1.0,1.0,0.0,1.0,1.0,1.0,0.0,0.0,0.0,0.0,0.0,1.0,1.0,0.0,1.0,0.0,0.0,0.0,0.0,0
61,1.0,1.0,0.0,0.0,1.0,0.0,0.0,0.0,0.0,0.0,1.0,0.0,1.0,0.0,0.0,1.0,1.0,1.0,0.0,27986.0,0.0,0.0,7908986.882,14294.016,39.03779,60.60236,36.34573,1.0,0.0,0.0,139.584,323.482,371.521,-32611.816,0.0,0.0,0.0,0.0,1.0,1.0,0.0,0.0,193.71613,1.0,0.0,1.0,0.0,1.0,0.0,1.0,0.0,0.0,1.0,0.0,1.0,1.0,1.0,1.0,1.0,1.0,1.0,0.0,1.0,1.0,0.0,1.0,1.0,1.0,0.0,0.0,0.0,0.0,1.0,1.0,1.0,0.0,1.0,0.0,0.0,0.0,0.0,0
62,1.0,1.0,0.0,0.0,1.0,0.0,1.0,0.0,0.0,1.0,0.0,1.0,0.0,1.0,1.0,0.0,0.0,1.0,0.0,28039.0,0.0,0.0,7909533.004,17498.514,881.07755,98.4155,400.96236,1.0,0.0,0.0,155.491,150.0,495.0,0.0,0.0,0.0,0.0,0.0,1.0,1.0,0.0,0.0,1000.0,1.0,0.0,1.0,0.0,1.0,0.0,0.0,1.0,1.0,1.0,0.0,1.0,1.0,1.0,1.0,1.0,1.0,1.0,0.0,1.0,1.0,0.0,1.0,1.0,1.0,0.0,0.0,0.0,1.0,0.0,0.0,1.0,0.0,1.0,0.0,0.0,0.0,0.0,0
63,1.0,1.0,0.0,0.0,0.0,1.0,1.0,0.0,0.0,0.0,1.0,0.0,1.0,0.0,0.0,1.0,1.0,1.0,0.0,28158.0,0.0,0.0,7910035.938,0.144,86.63909,275.52018,34.07499,1.0,0.0,0.0,30.0,148.499,426.479,0.0,0.0,0.0,0.0,0.0,1.0,1.0,0.0,0.0,831.99823,1.0,0.0,1.0,0.0,1.0,0.0,1.0,0.0,0.0,1.0,0.0,1.0,1.0,1.0,1.0,1.0,1.0,1.0,0.0,1.0,1.0,0.0,1.0,1.0,1.0,0.0,0.0,0.0,0.0,0.0,1.0,1.0,0.0,1.0,0.0,0.0,0.0,0.0,0
64,1.0,1.0,0.0,0.0,1.0,0.0,0.0,0.0,0.0,0.0,1.0,0.0,1.0,0.0,0.0,1.0,1.0,0.0,1.0,28368.0,0.0,0.0,7910206.62,12522.988,881.07755,565.46538,10.83125,1.0,0.0,0.0,30.0,150.0,495.0,0.0,0.0,0.0,0.0,0.0,1.0,1.0,0.0,0.0,831.99823,1.0,0.0,1.0,0.0,1.0,0.0,0.0,1.0,1.0,1.0,0.0,1.0,1.0,1.0,1.0,1.0,1.0,1.0,0.0,1.0,1.0,1.0,1.0,1.0,1.0,0.0,0.0,0.0,0.0,0.0,0.0,1.0,0.0,1.0,0.0,0.0,0.0,0.0,0
65,1.0,1.0,0.0,0.0,1.0,0.0,0.0,0.0,0.0,1.0,0.0,1.0,0.0,1.0,1.0,0.0,0.0,1.0,0.0,28963.0,0.0,0.0,7912421.169,9480.608,39.60133,1000.0,27.40075,1.0,0.0,0.0,283.723,6.671,495.0,-185141.602,0.0,0.0,0.0,1.0,1.0,1.0,0.0,0.0,290.65445,1.0,0.0,1.0,0.0,1.0,0.0,1.0,0.0,0.0,1.0,0.0,1.0,1.0,1.0,1.0,1.0,1.0,1.0,0.0,1.0,1.0,0.0,1.0,1.0,1.0,0.0,0.0,0.0,0.0,0.0,1.0,1.0,0.0,1.0,0.0,0.0,0.0,0.0,0
66,1.0,1.0,0.0,0.0,1.0,0.0,0.0,0.0,0.0,1.0,0.0,1.0,0.0,1.0,1.0,0.0,0.0,1.0,0.0,29213.0,0.0,0.0,7914767.905,24440.65,162.99984,201.90284,125.33746,1.0,0.0,0.0,31.14,312.5,495.0,0.0,0.0,0.0,0.0,0.0,1.0,1.0,0.0,0.0,1000.0,1.0,0.0,1.0,0.0,1.0,0.0,0.0,1.0,1.0,1.0,0.0,1.0,1.0,1.0,1.0,1.0,1.0,1.0,0.0,1.0,1.0,0.0,1.0,1.0,1.0,0.0,0.0,0.0,1.0,1.0,0.0,1.0,0.0,1.0,0.0,0.0,0.0,0.0,0
67,1.0,1.0,0.0,0.0,1.0,0.0,0.0,0.0,0.0,1.0,0.0,1.0,0.0,1.0,1.0,0.0,0.0,1.0,0.0,29408.0,0.0,0.0,7918475.432,36066.076,20.74702,1000.0,25.15927,1.0,0.0,0.0,203.166,150.0,495.0,0.0,0.0,0.0,0.0,0.0,1.0,1.0,0.0,0.0,471.62778,1.0,0.0,1.0,0.0,1.0,0.0,0.0,1.0,1.0,1.0,0.0,1.0,1.0,1.0,1.0,1.0,1.0,1.0,0.0,1.0,1.0,0.0,1.0,1.0,1.0,0.0,0.0,0.0,0.0,0.0,0.0,1.0,0.0,1.0,0.0,0.0,0.0,0.0,0
68,0.0,0.0,1.0,1.0,1.0,0.0,1.0,0.0,0.0,1.0,0.0,1.0,0.0,1.0,1.0,0.0,0.0,1.0,0.0,29463.0,0.0,0.0,7919359.044,39365.506,221.32904,259.48423,214.4144,1.0,0.0,0.0,140.766,150.0,495.0,0.0,0.0,0.0,0.0,0.0,1.0,1.0,0.0,0.0,1000.0,1.0,0.0,1.0,0.0,1.0,0.0,0.0,1.0,1.0,1.0,0.0,1.0,1.0,1.0,1.0,1.0,1.0,1.0,0.0,1.0,1.0,0.0,1.0,1.0,1.0,0.0,0.0,0.0,0.0,0.0,0.0,1.0,0.0,1.0,0.0,0.0,0.0,0.0,0
69,1.0,1.0,0.0,0.0,1.0,0.0,0.0,0.0,0.0,0.0,1.0,0.0,1.0,0.0,0.0,1.0,1.0,0.0,0.0,29623.0,0.0,0.0,7922089.972,3416.492,139.8013,565.46538,138.1848,1.0,0.0,0.0,30.0,148.499,447.312,0.0,0.0,-1000.0,0.0,0.0,1.0,1.0,0.0,0.0,831.99823,1.0,0.0,1.0,0.0,1.0,0.0,1.0,0.0,0.0,1.0,0.0,1.0,1.0,1.0,1.0,1.0,1.0,1.0,0.0,1.0,1.0,0.0,1.0,1.0,1.0,0.0,0.0,0.0,0.0,0.0,1.0,1.0,0.0,1.0,0.0,0.0,0.0,0.0,0
70,1.0,1.0,0.0,0.0,1.0,0.0,0.0,0.0,0.0,1.0,0.0,1.0,0.0,1.0,1.0,0.0,0.0,1.0,0.0,29658.0,0.0,0.0,7922950.222,5517.902,117.29233,1000.0,112.5044,1.0,0.0,0.0,92.782,8.18,385.392,-177143.555,-2.448,-37.054,0.0,1.0,1.0,1.0,0.0,0.0,290.65445,1.0,0.0,1.0,0.0,1.0,0.0,1.0,0.0,0.0,1.0,0.0,1.0,1.0,1.0,1.0,1.0,1.0,1.0,0.0,1.0,1.0,0.0,1.0,1.0,1.0,0.0,0.0,0.0,0.0,0.0,1.0,1.0,0.0,1.0,0.0,0.0,0.0,0.0,0
71,1.0,1.0,0.0,0.0,1.0,0.0,0.0,0.0,0.0,1.0,0.0,1.0,0.0,1.0,1.0,0.0,0.0,1.0,0.0,40823.0,0.0,0.0,7971319.08,1758.06,11.27529,16.38599,2.07369,1.0,0.0,0.0,181.882,150.0,495.0,0.0,0.0,0.0,0.0,0.0,1.0,1.0,0.0,0.0,1000.0,1.0,0.0,1.0,0.0,1.0,0.0,0.0,1.0,1.0,1.0,0.0,1.0,1.0,1.0,1.0,1.0,1.0,1.0,0.0,1.0,1.0,0.0,1.0,1.0,1.0,0.0,0.0,0.0,1.0,0.0,0.0,1.0,0.0,1.0,0.0,0.0,0.0,0.0,0
72,1.0,1.0,0.0,0.0,1.0,0.0,0.0,0.0,0.0,1.0,0.0,1.0,0.0,1.0,1.0,0.0,0.0,1.0,1.0,40861.0,0.0,0.0,7972109.992,4036.486,2.34673,263.56143,3.6985,1.0,0.0,0.0,198.78,150.0,495.0,0.0,0.0,0.0,0.0,0.0,1.0,1.0,0.0,0.0,1000.0,1.0,0.0,1.0,0.0,1.0,0.0,0.0,1.0,1.0,1.0,0.0,1.0,1.0,1.0,1.0,1.0,1.0,1.0,0.0,1.0,1.0,0.0,1.0,1.0,1.0,0.0,0.0,0.0,1.0,1.0,0.0,1.0,0.0,1.0,0.0,0.0,0.0,0.0,0
73,1.0,1.0,0.0,0.0,1.0,0.0,0.0,0.0,0.0,1.0,0.0,1.0,0.0,1.0,1.0,0.0,0.0,1.0,0.0,40927.0,0.0,0.0,7972900.899,7975.58,39.03779,60.60236,36.34573,1.0,0.0,0.0,165.833,150.0,495.0,0.0,0.0,0.0,0.0,0.0,1.0,1.0,0.0,0.0,1000.0,1.0,0.0,1.0,0.0,1.0,0.0,0.0,1.0,1.0,1.0,0.0,1.0,1.0,1.0,1.0,1.0,1.0,1.0,0.0,1.0,1.0,0.0,1.0,1.0,1.0,0.0,0.0,0.0,1.0,0.0,0.0,1.0,0.0,1.0,0.0,0.0,0.0,0.0,0
74,1.0,1.0,0.0,0.0,1.0,0.0,0.0,0.0,0.0,1.0,0.0,1.0,0.0,1.0,1.0,0.0,0.0,1.0,0.0,41163.0,0.0,0.0,7976109.753,22139.34,5.04471,16.38599,6.57671,1.0,0.0,0.0,165.483,150.0,495.0,0.0,0.0,0.0,0.0,0.0,1.0,1.0,0.0,0.0,1000.0,1.0,0.0,1.0,0.0,1.0,0.0,0.0,1.0,1.0,1.0,0.0,1.0,1.0,1.0,1.0,1.0,1.0,1.0,0.0,1.0,1.0,0.0,1.0,1.0,1.0,0.0,0.0,0.0,1.0,1.0,0.0,1.0,0.0,1.0,0.0,0.0,0.0,0.0,0
75,1.0,1.0,0.0,0.0,1.0,0.0,0.0,0.0,0.0,1.0,0.0,1.0,0.0,1.0,1.0,0.0,0.0,1.0,0.0,41853.0,0.0,0.0,7977179.767,2473.29,39.03779,60.60236,36.34573,1.0,0.0,0.0,170.576,150.0,495.0,0.0,0.0,0.0,0.0,0.0,1.0,1.0,0.0,0.0,1000.0,1.0,0.0,1.0,0.0,1.0,0.0,0.0,1.0,1.0,1.0,0.0,1.0,1.0,1.0,1.0,1.0,1.0,1.0,0.0,1.0,1.0,0.0,1.0,1.0,1.0,0.0,0.0,0.0,1.0,0.0,0.0,1.0,0.0,1.0,0.0,0.0,0.0,0.0,0
76,1.0,1.0,0.0,0.0,1.0,0.0,0.0,0.0,0.0,1.0,0.0,1.0,0.0,1.0,1.0,0.0,0.0,1.0,1.0,42056.0,0.0,0.0,7977587.865,14675.524,3.04298,251.43585,2.46098,1.0,0.0,0.0,191.198,150.0,495.0,0.0,0.0,0.0,0.0,0.0,1.0,1.0,0.0,0.0,1000.0,1.0,0.0,1.0,0.0,1.0,0.0,0.0,1.0,1.0,1.0,0.0,1.0,1.0,1.0,1.0,1.0,1.0,1.0,0.0,1.0,1.0,0.0,1.0,1.0,1.0,0.0,0.0,0.0,1.0,1.0,0.0,1.0,0.0,1.0,0.0,0.0,0.0,0.0,0
77,1.0,1.0,0.0,0.0,1.0,0.0,0.0,0.0,0.0,1.0,0.0,1.0,0.0,1.0,1.0,0.0,0.0,1.0,1.0,42241.0,0.0,0.0,7978404.013,25771.832,3.16167,263.56143,4.65317,1.0,0.0,0.0,185.808,150.0,495.0,0.0,0.0,0.0,0.0,0.0,1.0,1.0,0.0,0.0,1000.0,1.0,0.0,1.0,0.0,1.0,0.0,0.0,1.0,1.0,1.0,0.0,1.0,1.0,1.0,1.0,1.0,1.0,1.0,0.0,1.0,1.0,0.0,1.0,1.0,1.0,0.0,0.0,0.0,1.0,1.0,0.0,1.0,0.0,1.0,0.0,0.0,0.0,0.0,0
78,1.0,1.0,0.0,0.0,1.0,0.0,0.0,0.0,0.0,1.0,0.0,1.0,0.0,1.0,1.0,0.0,0.0,1.0,0.0,42266.0,0.0,0.0,7978819.969,617.008,11.86509,60.60236,1.49259,1.0,0.0,0.0,183.004,150.0,495.0,0.0,0.0,0.0,0.0,0.0,1.0,1.0,0.0,0.0,1000.0,1.0,0.0,1.0,0.0,1.0,0.0,0.0,1.0,1.0,1.0,0.0,1.0,1.0,1.0,1.0,1.0,1.0,1.0,0.0,1.0,1.0,0.0,1.0,1.0,0.0,0.0,0.0,0.0,1.0,0.0,0.0,1.0,0.0,1.0,0.0,0.0,0.0,0.0,0
79,1.0,1.0,0.0,0.0,1.0,0.0,0.0,0.0,0.0,1.0,0.0,1.0,0.0,1.0,1.0,0.0,0.0,1.0,0.0,42314.0,0.0,0.0,7979610.954,3527.804,5.04471,16.38599,6.57671,1.0,0.0,0.0,182.733,150.0,495.0,0.0,0.0,0.0,0.0,0.0,1.0,1.0,0.0,0.0,1000.0,1.0,0.0,1.0,0.0,1.0,0.0,0.0,1.0,1.0,1.0,0.0,1.0,1.0,1.0,1.0,1.0,1.0,1.0,0.0,1.0,1.0,0.0,1.0,1.0,1.0,0.0,0.0,0.0,1.0,0.0,0.0,1.0,0.0,1.0,0.0,0.0,0.0,0.0,0
80,1.0,1.0,0.0,0.0,1.0,0.0,0.0,0.0,0.0,1.0,0.0,1.0,0.0,1.0,1.0,0.0,0.0,1.0,0.0,42364.0,0.0,0.0,7980401.964,1488.578,3.16167,263.56143,4.65317,1.0,0.0,0.0,160.032,150.0,495.0,0.0,0.0,0.0,0.0,0.0,1.0,1.0,0.0,0.0,1000.0,1.0,0.0,1.0,0.0,1.0,0.0,0.0,1.0,1.0,1.0,0.0,1.0,1.0,1.0,1.0,1.0,1.0,1.0,0.0,1.0,1.0,0.0,1.0,1.0,1.0,0.0,0.0,0.0,1.0,0.0,0.0,1.0,0.0,1.0,0.0,0.0,0.0,0.0,0
81,1.0,1.0,0.0,0.0,1.0,0.0,0.0,0.0,0.0,1.0,0.0,1.0,0.0,1.0,1.0,0.0,0.0,1.0,1.0,42466.0,0.0,0.0,7981984.154,3381.532,39.03779,60.60236,36.34573,1.0,0.0,0.0,192.851,150.0,495.0,0.0,0.0,0.0,0.0,0.0,1.0,1.0,0.0,0.0,1000.0,1.0,0.0,1.0,0.0,1.0,0.0,0.0,1.0,1.0,1.0,0.0,1.0,1.0,1.0,1.0,1.0,1.0,1.0,0.0,1.0,1.0,0.0,1.0,1.0,1.0,0.0,0.0,0.0,1.0,0.0,0.0,1.0,0.0,1.0,0.0,0.0,0.0,0.0,0
82,1.0,1.0,0.0,0.0,1.0,0.0,0.0,0.0,0.0,1.0,0.0,1.0,0.0,1.0,1.0,0.0,0.0,1.0,1.0,42541.0,0.0,0.0,7982586.098,4028.894,7.54454,263.56143,2.49825,1.0,0.0,0.0,165.798,150.0,495.0,0.0,0.0,0.0,0.0,0.0,1.0,1.0,0.0,0.0,1000.0,1.0,0.0,1.0,0.0,1.0,0.0,0.0,1.0,1.0,1.0,0.0,1.0,1.0,1.0,1.0,1.0,1.0,1.0,0.0,1.0,1.0,0.0,1.0,1.0,1.0,0.0,0.0,0.0,1.0,1.0,0.0,1.0,0.0,1.0,0.0,0.0,0.0,0.0,0
83,1.0,1.0,0.0,0.0,1.0,0.0,0.0,0.0,0.0,1.0,0.0,1.0,0.0,1.0,1.0,0.0,0.0,1.0,0.0,42570.0,0.0,0.0,7983027.856,5772.264,61.99611,16.38599,1.46615,1.0,0.0,0.0,174.342,150.0,495.0,0.0,0.0,0.0,0.0,0.0,1.0,1.0,0.0,0.0,1000.0,1.0,0.0,1.0,0.0,1.0,0.0,0.0,1.0,1.0,1.0,0.0,1.0,1.0,1.0,1.0,1.0,1.0,1.0,0.0,1.0,1.0,1.0,1.0,1.0,0.0,0.0,0.0,0.0,1.0,1.0,0.0,1.0,0.0,1.0,0.0,0.0,0.0,0.0,0
84,1.0,1.0,0.0,0.0,1.0,0.0,0.0,0.0,0.0,1.0,0.0,1.0,0.0,1.0,1.0,0.0,0.0,1.0,0.0,43154.0,0.0,0.0,7984635.906,762.342,39.03779,60.60236,36.34573,1.0,0.0,0.0,210.229,150.0,495.0,0.0,0.0,0.0,0.0,0.0,1.0,1.0,0.0,0.0,1000.0,1.0,0.0,1.0,0.0,1.0,0.0,0.0,1.0,1.0,1.0,0.0,1.0,1.0,1.0,1.0,1.0,1.0,1.0,0.0,1.0,1.0,0.0,1.0,1.0,1.0,0.0,0.0,0.0,1.0,1.0,0.0,1.0,0.0,1.0,0.0,0.0,0.0,0.0,0
85,1.0,1.0,0.0,0.0,1.0,0.0,0.0,0.0,0.0,1.0,0.0,1.0,0.0,1.0,1.0,0.0,0.0,1.0,1.0,43368.0,0.0,0.0,7985935.341,2595.878,3.16167,263.56143,4.65317,1.0,0.0,0.0,195.048,150.0,495.0,0.0,0.0,0.0,0.0,0.0,1.0,1.0,0.0,0.0,1000.0,1.0,0.0,1.0,0.0,1.0,0.0,0.0,1.0,1.0,1.0,0.0,1.0,1.0,1.0,1.0,1.0,1.0,1.0,0.0,1.0,1.0,0.0,1.0,1.0,1.0,0.0,0.0,0.0,1.0,1.0,0.0,1.0,0.0,1.0,0.0,0.0,0.0,0.0,0
86,1.0,1.0,0.0,0.0,1.0,0.0,0.0,0.0,0.0,1.0,0.0,1.0,0.0,1.0,1.0,0.0,0.0,1.0,0.0,43961.0,0.0,0.0,7986465.651,34265.004,881.07755,263.56143,11.5503,1.0,0.0,0.0,154.675,150.0,495.0,0.0,0.0,0.0,0.0,0.0,1.0,1.0,0.0,0.0,1000.0,1.0,0.0,1.0,0.0,1.0,0.0,0.0,1.0,1.0,1.0,0.0,1.0,1.0,1.0,1.0,1.0,1.0,1.0,0.0,1.0,1.0,0.0,1.0,1.0,1.0,0.0,0.0,0.0,1.0,1.0,0.0,1.0,0.0,1.0,0.0,0.0,0.0,0.0,0
87,1.0,1.0,0.0,0.0,1.0,0.0,0.0,0.0,0.0,1.0,0.0,1.0,0.0,1.0,1.0,0.0,0.0,1.0,1.0,47535.0,0.0,0.0,7987027.727,3242.162,39.03779,60.60236,36.34573,1.0,0.0,0.0,168.096,150.0,495.0,0.0,0.0,0.0,0.0,0.0,1.0,1.0,0.0,0.0,1000.0,1.0,0.0,1.0,0.0,1.0,0.0,0.0,1.0,1.0,1.0,0.0,1.0,1.0,1.0,1.0,1.0,1.0,1.0,0.0,1.0,1.0,0.0,1.0,1.0,0.0,0.0,0.0,0.0,1.0,1.0,0.0,1.0,0.0,1.0,0.0,0.0,0.0,0.0,0
88,1.0,1.0,0.0,0.0,1.0,0.0,0.0,0.0,0.0,1.0,0.0,1.0,0.0,1.0,1.0,0.0,0.0,1.0,0.0,47688.0,0.0,0.0,7987589.827,1234.144,39.03779,60.60236,36.34573,1.0,0.0,0.0,168.658,150.0,495.0,0.0,0.0,0.0,0.0,0.0,1.0,1.0,0.0,0.0,1000.0,1.0,0.0,1.0,0.0,1.0,0.0,0.0,1.0,1.0,1.0,0.0,1.0,1.0,1.0,1.0,1.0,1.0,1.0,0.0,1.0,1.0,0.0,1.0,1.0,1.0,0.0,0.0,0.0,1.0,0.0,0.0,1.0,0.0,1.0,0.0,0.0,0.0,0.0,0
89,1.0,1.0,0.0,0.0,1.0,0.0,0.0,0.0,0.0,1.0,0.0,1.0,0.0,1.0,1.0,0.0,0.0,1.0,0.0,48333.0,0.0,0.0,7990118.871,39980.958,61.99611,60.60236,3.4326,1.0,0.0,0.0,174.316,150.0,495.0,0.0,0.0,0.0,0.0,0.0,1.0,1.0,0.0,0.0,1000.0,1.0,0.0,1.0,0.0,1.0,0.0,0.0,1.0,1.0,1.0,0.0,1.0,1.0,1.0,1.0,1.0,1.0,1.0,0.0,1.0,1.0,1.0,1.0,1.0,1.0,0.0,0.0,0.0,1.0,1.0,0.0,1.0,0.0,1.0,0.0,0.0,0.0,0.0,0
90,1.0,1.0,0.0,0.0,1.0,0.0,0.0,0.0,0.0,1.0,0.0,1.0,0.0,1.0,1.0,0.0,0.0,1.0,1.0,57589.0,0.0,0.0,7990891.549,3281.382,39.03779,60.60236,36.34573,1.0,0.0,0.0,185.969,150.0,495.0,0.0,0.0,0.0,0.0,0.0,1.0,1.0,0.0,0.0,1000.0,1.0,0.0,1.0,0.0,1.0,0.0,0.0,1.0,1.0,1.0,0.0,1.0,1.0,1.0,1.0,1.0,1.0,1.0,0.0,1.0,1.0,0.0,1.0,1.0,0.0,0.0,0.0,0.0,1.0,0.0,0.0,1.0,0.0,1.0,0.0,0.0,0.0,0.0,0
91,1.0,1.0,0.0,0.0,1.0,0.0,0.0,0.0,0.0,1.0,0.0,1.0,0.0,1.0,1.0,0.0,0.0,1.0,1.0,57794.0,0.0,0.0,7992436.368,15578.312,39.03779,60.60236,36.34573,1.0,0.0,0.0,195.976,150.0,495.0,0.0,0.0,0.0,0.0,0.0,1.0,1.0,0.0,0.0,1000.0,1.0,0.0,1.0,0.0,1.0,0.0,0.0,1.0,1.0,1.0,0.0,1.0,1.0,1.0,1.0,1.0,1.0,1.0,0.0,1.0,1.0,0.0,1.0,1.0,1.0,0.0,0.0,0.0,1.0,1.0,0.0,1.0,0.0,1.0,0.0,0.0,0.0,0.0,0
92,1.0,1.0,0.0,0.0,1.0,0.0,0.0,0.0,0.0,1.0,0.0,1.0,0.0,1.0,1.0,0.0,0.0,1.0,1.0,57912.0,0.0,0.0,7993981.248,22579.898,1.67359,60.60236,1.49838,1.0,0.0,0.0,188.397,150.0,495.0,0.0,0.0,0.0,0.0,0.0,1.0,1.0,0.0,0.0,1000.0,1.0,0.0,1.0,0.0,1.0,0.0,0.0,1.0,1.0,1.0,0.0,1.0,1.0,1.0,1.0,1.0,1.0,1.0,0.0,1.0,1.0,0.0,1.0,1.0,1.0,0.0,0.0,0.0,1.0,0.0,0.0,1.0,0.0,1.0,0.0,0.0,0.0,0.0,0
93,1.0,1.0,0.0,0.0,1.0,0.0,0.0,0.0,0.0,1.0,0.0,1.0,0.0,1.0,1.0,0.0,0.0,1.0,0.0,59033.0,0.0,0.0,7995220.32,1302.992,3.16167,263.56143,4.65317,1.0,0.0,0.0,197.915,150.0,495.0,0.0,0.0,0.0,0.0,0.0,1.0,1.0,0.0,0.0,1000.0,1.0,0.0,1.0,0.0,1.0,0.0,0.0,1.0,1.0,1.0,0.0,1.0,1.0,1.0,1.0,1.0,1.0,1.0,0.0,1.0,1.0,0.0,1.0,1.0,1.0,0.0,0.0,0.0,1.0,0.0,0.0,1.0,0.0,1.0,0.0,0.0,0.0,0.0,0
94,1.0,1.0,0.0,0.0,1.0,0.0,0.0,0.0,0.0,1.0,0.0,1.0,0.0,1.0,1.0,0.0,0.0,1.0,0.0,59152.0,0.0,0.0,7995686.964,8452.854,39.03779,60.60236,36.34573,1.0,0.0,0.0,161.387,150.0,495.0,0.0,0.0,0.0,0.0,0.0,1.0,1.0,0.0,0.0,1000.0,1.0,0.0,1.0,0.0,1.0,0.0,0.0,1.0,1.0,1.0,0.0,1.0,1.0,1.0,1.0,1.0,1.0,1.0,0.0,1.0,1.0,0.0,1.0,1.0,1.0,0.0,0.0,0.0,1.0,1.0,0.0,1.0,0.0,1.0,0.0,0.0,0.0,0.0,0
95,1.0,1.0,0.0,0.0,1.0,0.0,0.0,0.0,0.0,1.0,0.0,1.0,0.0,1.0,1.0,0.0,0.0,1.0,1.0,59186.0,0.0,0.0,7996153.716,10485.01,39.03779,60.60236,36.34573,1.0,0.0,0.0,179.367,150.0,495.0,0.0,0.0,0.0,0.0,0.0,1.0,1.0,0.0,0.0,1000.0,1.0,0.0,1.0,0.0,1.0,0.0,0.0,1.0,1.0,1.0,0.0,1.0,1.0,1.0,1.0,1.0,1.0,1.0,0.0,1.0,1.0,0.0,1.0,1.0,1.0,0.0,0.0,0.0,1.0,0.0,0.0,1.0,0.0,1.0,0.0,0.0,0.0,0.0,0
96,1.0,1.0,0.0,0.0,1.0,0.0,0.0,0.0,0.0,1.0,0.0,1.0,0.0,1.0,1.0,0.0,0.0,1.0,1.0,59245.0,0.0,0.0,7996620.518,14031.616,39.03779,60.60236,36.34573,1.0,0.0,0.0,166.822,150.0,495.0,0.0,0.0,0.0,0.0,0.0,1.0,1.0,0.0,0.0,1000.0,1.0,0.0,1.0,0.0,1.0,0.0,0.0,1.0,1.0,1.0,0.0,1.0,1.0,1.0,1.0,1.0,1.0,1.0,0.0,1.0,1.0,0.0,1.0,1.0,1.0,0.0,0.0,0.0,1.0,1.0,0.0,1.0,0.0,1.0,0.0,0.0,0.0,0.0,0
97,1.0,1.0,0.0,0.0,1.0,0.0,0.0,0.0,0.0,1.0,0.0,1.0,0.0,1.0,1.0,0.0,0.0,1.0,0.0,59270.0,0.0,0.0,7997087.224,15503.834,39.03779,60.60236,36.34573,1.0,0.0,0.0,178.418,150.0,495.0,0.0,0.0,0.0,0.0,0.0,1.0,1.0,0.0,0.0,1000.0,1.0,0.0,1.0,0.0,1.0,0.0,0.0,1.0,1.0,1.0,0.0,1.0,1.0,1.0,1.0,1.0,1.0,1.0,0.0,1.0,1.0,0.0,1.0,1.0,1.0,0.0,0.0,0.0,1.0,1.0,0.0,1.0,0.0,1.0,0.0,0.0,0.0,0.0,0
98,1.0,1.0,0.0,0.0,1.0,0.0,0.0,0.0,0.0,1.0,0.0,1.0,0.0,1.0,1.0,0.0,0.0,1.0,1.0,59347.0,0.0,0.0,7998266.251,20135.174,1.2222,251.43585,1.63706,1.0,0.0,0.0,198.667,150.0,495.0,0.0,0.0,0.0,0.0,0.0,1.0,1.0,0.0,0.0,1000.0,1.0,0.0,1.0,0.0,1.0,0.0,0.0,1.0,1.0,1.0,0.0,1.0,1.0,1.0,1.0,1.0,1.0,1.0,0.0,1.0,1.0,0.0,1.0,1.0,0.0,0.0,0.0,0.0,1.0,0.0,0.0,1.0,0.0,1.0,0.0,0.0,0.0,0.0,0
99,1.0,1.0,0.0,0.0,1.0,0.0,0.0,0.0,0.0,1.0,0.0,1.0,0.0,1.0,1.0,0.0,0.0,1.0,0.0,59609.0,0.0,0.0,8000217.695,3469.866,39.03779,60.60236,36.34573,1.0,0.0,0.0,168.241,150.0,495.0,0.0,0.0,0.0,0.0,0.0,1.0,1.0,0.0,0.0,1000.0,1.0,0.0,1.0,0.0,1.0,0.0,0.0,1.0,1.0,1.0,0.0,1.0,1.0,1.0,1.0,1.0,1.0,1.0,0.0,1.0,1.0,0.0,1.0,1.0,1.0,0.0,0.0,0.0,1.0,1.0,0.0,1.0,0.0,1.0,0.0,0.0,0.0,0.0,0
100,1.0,1.0,0.0,0.0,1.0,0.0,0.0,0.0,0.0,1.0,0.0,1.0,0.0,1.0,1.0,0.0,0.0,1.0,1.0,59686.0,0.0,0.0,8001020.549,8051.526,39.03779,60.60236,36.34573,1.0,0.0,0.0,187.164,150.0,495.0,0.0,0.0,0.0,0.0,0.0,1.0,1.0,0.0,0.0,1000.0,1.0,0.0,1.0,0.0,1.0,0.0,0.0,1.0,1.0,1.0,0.0,1.0,1.0,1.0,1.0,1.0,1.0,1.0,0.0,1.0,1.0,0.0,1.0,1.0,1.0,0.0,0.0,0.0,1.0,0.0,0.0,1.0,0.0,1.0,0.0,0.0,0.0,0.0,0
101,1.0,1.0,0.0,0.0,1.0,0.0,0.0,0.0,0.0,1.0,0.0,1.0,0.0,1.0,1.0,0.0,0.0,1.0,1.0,59851.0,0.0,0.0,8003086.387,8044.248,39.03779,60.60236,36.34573,1.0,0.0,0.0,194.564,150.0,495.0,0.0,0.0,0.0,0.0,0.0,1.0,1.0,0.0,0.0,1000.0,1.0,0.0,1.0,0.0,1.0,0.0,0.0,1.0,1.0,1.0,0.0,1.0,1.0,1.0,1.0,1.0,1.0,1.0,0.0,1.0,1.0,0.0,1.0,1.0,1.0,0.0,0.0,0.0,1.0,0.0,0.0,1.0,0.0,1.0,0.0,0.0,0.0,0.0,0
102,1.0,1.0,0.0,0.0,0.0,1.0,1.0,0.0,0.0,0.0,1.0,0.0,1.0,0.0,0.0,1.0,1.0,1.0,1.0,60773.0,0.0,0.0,8003506.308,0.08,212.93468,275.52018,73.82796,1.0,0.0,0.0,30.0,173.194,495.0,0.0,0.0,0.0,0.0,0.0,1.0,1.0,0.0,0.0,831.99823,1.0,0.0,1.0,0.0,1.0,0.0,1.0,0.0,0.0,1.0,0.0,1.0,1.0,1.0,1.0,1.0,1.0,1.0,0.0,1.0,1.0,0.0,1.0,1.0,1.0,0.0,0.0,0.0,0.0,0.0,1.0,1.0,0.0,1.0,0.0,0.0,0.0,0.0,0
103,1.0,1.0,0.0,0.0,1.0,0.0,1.0,0.0,0.0,1.0,0.0,1.0,0.0,1.0,1.0,0.0,0.0,1.0,0.0,62436.0,0.0,0.0,8003923.51,0.09,1000.0,275.52018,371.84518,1.0,0.0,0.0,196.401,300.0,495.0,0.0,0.0,0.0,0.0,0.0,1.0,1.0,0.0,0.0,136.25791,1.0,0.0,1.0,0.0,1.0,0.0,1.0,0.0,0.0,1.0,0.0,1.0,1.0,1.0,1.0,1.0,1.0,1.0,0.0,1.0,1.0,0.0,1.0,1.0,1.0,0.0,0.0,0.0,0.0,0.0,1.0,0.0,1.0,1.0,0.0,0.0,0.0,0.0,0
104,1.0,1.0,0.0,0.0,1.0,0.0,1.0,0.0,0.0,1.0,0.0,1.0,0.0,1.0,1.0,0.0,0.0,1.0,0.0,62436.0,0.0,1.0,8003923.51,0.09,1000.0,275.52018,371.84518,1.0,0.0,0.0,196.401,300.0,495.0,0.0,0.0,0.0,0.0,0.0,1.0,1.0,0.0,0.0,136.25791,1.0,0.0,1.0,0.0,1.0,0.0,1.0,0.0,0.0,1.0,0.0,1.0,1.0,1.0,1.0,1.0,1.0,1.0,0.0,1.0,1.0,0.0,1.0,1.0,1.0,0.0,0.0,0.0,0.0,0.0,1.0,0.0,1.0,1.0,0.0,0.0,0.0,0.0,0
105,0.0,0.0,1.0,1.0,1.0,0.0,1.0,0.0,0.0,1.0,0.0,1.0,0.0,1.0,1.0,0.0,0.0,1.0,1.0,62562.0,0.0,0.0,8006271.816,2652.226,157.76184,82.74894,120.87601,1.0,0.0,0.0,31.14,612.124,335.9,0.0,0.0,-2500.0,0.0,0.0,1.0,1.0,0.0,0.0,382.36132,0.0,1.0,0.0,1.0,0.0,1.0,0.0,1.0,1.0,1.0,0.0,1.0,1.0,1.0,1.0,1.0,1.0,1.0,0.0,1.0,1.0,0.0,1.0,1.0,1.0,0.0,0.0,0.0,0.0,0.0,0.0,1.0,0.0,1.0,0.0,0.0,0.0,0.0,0
106,1.0,1.0,0.0,0.0,0.0,1.0,1.0,0.0,0.0,1.0,0.0,1.0,0.0,1.0,1.0,0.0,0.0,1.0,1.0,62646.0,0.0,0.0,8006743.412,0.092,1000.0,275.52018,371.84518,0.0,0.0,0.0,168.125,300.0,495.0,0.0,0.0,0.0,0.0,0.0,1.0,1.0,0.0,1.0,136.25791,1.0,0.0,1.0,0.0,1.0,0.0,0.0,1.0,1.0,1.0,0.0,1.0,1.0,1.0,1.0,1.0,1.0,1.0,0.0,1.0,1.0,0.0,1.0,1.0,1.0,0.0,0.0,0.0,0.0,0.0,0.0,1.0,0.0,1.0,0.0,0.0,0.0,0.0,0
107,1.0,1.0,0.0,0.0,1.0,0.0,0.0,0.0,0.0,1.0,0.0,1.0,0.0,1.0,1.0,0.0,0.0,1.0,1.0,62659.0,0.0,0.0,8007027.472,775.2,2.34673,263.56143,3.6985,1.0,0.0,0.0,185.222,150.0,495.0,0.0,0.0,0.0,0.0,0.0,1.0,1.0,0.0,1.0,1000.0,1.0,0.0,1.0,0.0,1.0,0.0,0.0,1.0,1.0,1.0,0.0,1.0,1.0,1.0,1.0,1.0,1.0,1.0,0.0,1.0,1.0,0.0,1.0,1.0,1.0,0.0,0.0,0.0,1.0,1.0,0.0,1.0,0.0,1.0,0.0,0.0,0.0,0.0,0
108,1.0,1.0,0.0,0.0,1.0,0.0,0.0,0.0,0.0,1.0,0.0,1.0,0.0,1.0,1.0,0.0,0.0,1.0,1.0,62685.0,0.0,0.0,8007407.854,2321.922,2.34673,263.56143,3.6985,1.0,0.0,0.0,186.305,150.0,495.0,0.0,0.0,0.0,0.0,0.0,1.0,1.0,0.0,0.0,1000.0,1.0,0.0,1.0,0.0,1.0,0.0,0.0,1.0,1.0,1.0,0.0,1.0,1.0,1.0,1.0,1.0,1.0,1.0,0.0,1.0,1.0,0.0,1.0,1.0,1.0,0.0,0.0,0.0,1.0,0.0,0.0,1.0,0.0,1.0,0.0,0.0,0.0,0.0,0
109,1.0,1.0,0.0,0.0,1.0,0.0,0.0,0.0,0.0,1.0,0.0,1.0,0.0,1.0,1.0,0.0,0.0,1.0,0.0,62706.0,0.0,0.0,8007788.092,3579.708,39.03779,60.60236,36.34573,1.0,0.0,0.0,180.91,150.0,495.0,0.0,0.0,0.0,0.0,0.0,1.0,1.0,0.0,0.0,1000.0,1.0,0.0,1.0,0.0,1.0,0.0,0.0,1.0,1.0,1.0,0.0,1.0,1.0,1.0,1.0,1.0,1.0,1.0,0.0,1.0,1.0,0.0,1.0,1.0,1.0,0.0,0.0,0.0,1.0,0.0,0.0,1.0,0.0,1.0,0.0,0.0,0.0,0.0,0
110,1.0,1.0,0.0,0.0,1.0,0.0,0.0,0.0,0.0,1.0,0.0,1.0,0.0,1.0,1.0,0.0,0.0,1.0,1.0,62810.0,0.0,0.0,8009370.044,9860.7,39.03779,60.60236,36.34573,1.0,0.0,0.0,179.405,150.0,495.0,0.0,0.0,0.0,0.0,0.0,1.0,1.0,0.0,0.0,1000.0,1.0,0.0,1.0,0.0,1.0,0.0,0.0,1.0,1.0,1.0,0.0,1.0,1.0,1.0,1.0,1.0,1.0,1.0,0.0,1.0,1.0,0.0,1.0,1.0,1.0,0.0,0.0,0.0,1.0,1.0,0.0,1.0,0.0,1.0,0.0,0.0,0.0,0.0,0
111,1.0,1.0,0.0,0.0,1.0,0.0,0.0,0.0,0.0,1.0,0.0,1.0,0.0,1.0,1.0,0.0,0.0,1.0,1.0,63392.0,0.0,0.0,8010160.875,44791.038,39.03779,60.60236,36.34573,1.0,0.0,0.0,167.009,150.0,495.0,0.0,0.0,0.0,0.0,0.0,1.0,1.0,0.0,0.0,1000.0,1.0,0.0,1.0,0.0,1.0,0.0,0.0,1.0,1.0,1.0,0.0,1.0,1.0,1.0,1.0,1.0,1.0,1.0,0.0,1.0,1.0,0.0,1.0,1.0,1.0,0.0,0.0,0.0,1.0,0.0,0.0,1.0,0.0,1.0,0.0,0.0,0.0,0.0,0
112,1.0,1.0,0.0,0.0,1.0,0.0,0.0,0.0,0.0,1.0,0.0,1.0,0.0,1.0,1.0,0.0,0.0,1.0,1.0,63772.0,0.0,0.0,8012594.517,20033.94,39.03779,60.60236,36.34573,1.0,0.0,0.0,199.961,150.0,495.0,0.0,0.0,0.0,0.0,0.0,1.0,1.0,0.0,0.0,1000.0,1.0,0.0,1.0,0.0,1.0,0.0,0.0,1.0,1.0,1.0,0.0,1.0,1.0,1.0,1.0,1.0,1.0,1.0,0.0,1.0,1.0,0.0,1.0,1.0,1.0,0.0,0.0,0.0,1.0,1.0,0.0,1.0,0.0,1.0,0.0,0.0,0.0,0.0,0
113,1.0,1.0,0.0,0.0,1.0,0.0,0.0,0.0,0.0,1.0,0.0,1.0,0.0,1.0,1.0,0.0,0.0,1.0,0.0,63854.0,0.0,0.0,8013172.873,24962.662,5.04471,16.38599,6.57671,1.0,0.0,0.0,173.603,150.0,495.0,0.0,0.0,0.0,0.0,0.0,1.0,1.0,0.0,0.0,1000.0,1.0,0.0,1.0,0.0,1.0,0.0,0.0,1.0,1.0,1.0,0.0,1.0,1.0,1.0,1.0,1.0,1.0,1.0,0.0,1.0,1.0,0.0,1.0,1.0,1.0,0.0,0.0,0.0,1.0,0.0,0.0,1.0,0.0,1.0,0.0,0.0,0.0,0.0,0
114,1.0,1.0,0.0,0.0,1.0,0.0,0.0,0.0,0.0,1.0,0.0,1.0,0.0,1.0,1.0,0.0,0.0,1.0,1.0,63903.0,0.0,0.0,8013831.437,27860.272,10.63492,16.38599,1.55965,1.0,0.0,0.0,159.982,150.0,495.0,0.0,0.0,0.0,0.0,0.0,1.0,1.0,0.0,0.0,1000.0,1.0,0.0,1.0,0.0,1.0,0.0,0.0,1.0,1.0,1.0,0.0,1.0,1.0,1.0,1.0,1.0,1.0,1.0,0.0,1.0,1.0,0.0,1.0,1.0,1.0,0.0,0.0,0.0,1.0,1.0,0.0,1.0,0.0,1.0,0.0,0.0,0.0,0.0,0
115,1.0,1.0,0.0,0.0,1.0,0.0,0.0,0.0,0.0,1.0,0.0,1.0,0.0,1.0,1.0,0.0,0.0,1.0,0.0,64008.0,0.0,0.0,8014489.711,5216.894,39.03779,60.60236,36.34573,1.0,0.0,0.0,194.374,150.0,495.0,0.0,0.0,0.0,0.0,0.0,1.0,1.0,0.0,0.0,1000.0,1.0,0.0,1.0,0.0,1.0,0.0,0.0,1.0,1.0,1.0,0.0,1.0,1.0,1.0,1.0,1.0,1.0,1.0,0.0,1.0,1.0,0.0,1.0,1.0,1.0,0.0,0.0,0.0,1.0,1.0,0.0,1.0,0.0,1.0,0.0,0.0,0.0,0.0,0
116,1.0,1.0,0.0,0.0,1.0,0.0,0.0,0.0,0.0,1.0,0.0,1.0,0.0,1.0,1.0,0.0,0.0,1.0,1.0,64133.0,0.0,0.0,8015033.043,12692.206,39.03779,60.60236,36.34573,1.0,0.0,0.0,190.083,150.0,495.0,0.0,0.0,0.0,0.0,0.0,1.0,1.0,0.0,0.0,1000.0,1.0,0.0,1.0,0.0,1.0,0.0,0.0,1.0,1.0,1.0,0.0,1.0,1.0,1.0,1.0,1.0,1.0,1.0,0.0,1.0,1.0,0.0,1.0,1.0,1.0,0.0,0.0,0.0,1.0,0.0,0.0,1.0,0.0,1.0,0.0,0.0,0.0,0.0,0
117,1.0,1.0,0.0,0.0,1.0,0.0,0.0,0.0,0.0,1.0,0.0,1.0,0.0,1.0,1.0,0.0,0.0,1.0,1.0,64203.0,0.0,0.0,8015576.473,16940.566,39.03779,60.60236,36.34573,1.0,0.0,0.0,170.125,150.0,495.0,0.0,0.0,0.0,0.0,0.0,1.0,1.0,0.0,0.0,1000.0,1.0,0.0,1.0,0.0,1.0,0.0,0.0,1.0,1.0,1.0,0.0,1.0,1.0,1.0,1.0,1.0,1.0,1.0,0.0,1.0,1.0,0.0,1.0,1.0,1.0,0.0,0.0,0.0,1.0,1.0,0.0,1.0,0.0,1.0,0.0,0.0,0.0,0.0,0
118,1.0,1.0,0.0,0.0,1.0,0.0,0.0,0.0,0.0,1.0,0.0,1.0,0.0,1.0,1.0,0.0,0.0,1.0,0.0,67658.0,0.0,0.0,8016119.866,2150.364,881.07755,263.56143,11.5503,1.0,0.0,0.0,181.845,150.0,495.0,0.0,0.0,0.0,0.0,0.0,1.0,1.0,0.0,0.0,1000.0,1.0,0.0,1.0,0.0,1.0,0.0,0.0,1.0,1.0,1.0,0.0,1.0,1.0,1.0,1.0,1.0,1.0,1.0,0.0,1.0,1.0,0.0,1.0,1.0,1.0,0.0,0.0,0.0,1.0,1.0,0.0,1.0,0.0,1.0,0.0,0.0,0.0,0.0,0
119,1.0,1.0,0.0,0.0,1.0,0.0,0.0,0.0,0.0,1.0,0.0,1.0,0.0,1.0,1.0,0.0,0.0,1.0,0.0,67725.0,0.0,0.0,8016663.168,6193.046,61.99611,60.60236,3.4326,1.0,0.0,0.0,182.517,150.0,495.0,0.0,0.0,0.0,0.0,0.0,1.0,1.0,0.0,0.0,1000.0,1.0,0.0,1.0,0.0,1.0,0.0,0.0,1.0,1.0,1.0,0.0,1.0,1.0,1.0,1.0,1.0,1.0,1.0,0.0,1.0,1.0,0.0,1.0,1.0,1.0,0.0,0.0,0.0,1.0,0.0,0.0,1.0,0.0,1.0,0.0,0.0,0.0,0.0,0
120,1.0,1.0,0.0,0.0,1.0,0.0,0.0,0.0,0.0,1.0,0.0,1.0,0.0,1.0,1.0,0.0,0.0,1.0,1.0,67872.0,0.0,0.0,8017716.434,15030.566,39.03779,60.60236,36.34573,1.0,0.0,0.0,200.541,150.0,495.0,0.0,0.0,0.0,0.0,0.0,1.0,1.0,0.0,0.0,1000.0,1.0,0.0,1.0,0.0,1.0,0.0,0.0,1.0,1.0,1.0,0.0,1.0,1.0,1.0,1.0,1.0,1.0,1.0,0.0,1.0,1.0,0.0,1.0,1.0,1.0,0.0,0.0,0.0,1.0,0.0,0.0,1.0,0.0,1.0,0.0,0.0,0.0,0.0,0
121,1.0,1.0,0.0,0.0,1.0,0.0,0.0,0.0,0.0,1.0,0.0,1.0,0.0,1.0,1.0,0.0,0.0,1.0,1.0,67950.0,0.0,0.0,8018899.396,19669.612,39.03779,60.60236,36.34573,1.0,0.0,0.0,184.86,150.0,495.0,0.0,0.0,0.0,0.0,0.0,1.0,1.0,0.0,0.0,1000.0,1.0,0.0,1.0,0.0,1.0,0.0,0.0,1.0,1.0,1.0,0.0,1.0,1.0,1.0,1.0,1.0,1.0,1.0,0.0,1.0,1.0,0.0,1.0,1.0,1.0,0.0,0.0,0.0,1.0,1.0,0.0,1.0,0.0,1.0,0.0,0.0,0.0,0.0,0
122,1.0,1.0,0.0,0.0,0.0,1.0,1.0,0.0,0.0,0.0,1.0,0.0,1.0,0.0,0.0,1.0,1.0,1.0,0.0,69091.0,0.0,0.0,8019149.868,0.092,1000.0,275.52018,371.84518,1.0,0.0,0.0,30.0,148.467,447.59,0.0,0.0,0.0,0.0,0.0,1.0,1.0,0.0,0.0,831.99823,1.0,0.0,1.0,0.0,1.0,0.0,1.0,0.0,0.0,1.0,0.0,1.0,1.0,1.0,1.0,1.0,1.0,1.0,0.0,1.0,1.0,0.0,1.0,1.0,1.0,0.0,0.0,0.0,0.0,0.0,1.0,0.0,1.0,1.0,0.0,0.0,0.0,0.0,0
123,1.0,1.0,0.0,0.0,1.0,0.0,0.0,0.0,0.0,1.0,0.0,1.0,0.0,1.0,1.0,0.0,0.0,1.0,1.0,69177.0,0.0,0.0,8020133.0,2378.298,2.34673,263.56143,3.6985,1.0,0.0,0.0,177.333,150.0,495.0,0.0,0.0,0.0,0.0,0.0,1.0,1.0,0.0,0.0,1000.0,1.0,0.0,1.0,0.0,1.0,0.0,0.0,1.0,1.0,1.0,0.0,1.0,1.0,1.0,1.0,1.0,1.0,1.0,0.0,1.0,1.0,0.0,1.0,1.0,1.0,0.0,0.0,0.0,1.0,0.0,0.0,1.0,0.0,1.0,0.0,0.0,0.0,0.0,0
124,1.0,1.0,0.0,0.0,1.0,0.0,0.0,0.0,0.0,1.0,0.0,1.0,0.0,1.0,1.0,0.0,0.0,1.0,0.0,70564.0,0.0,0.0,8021162.844,85583.016,39.03779,16.38599,2.18679,1.0,0.0,0.0,157.841,150.0,495.0,0.0,0.0,0.0,0.0,0.0,1.0,1.0,0.0,0.0,1000.0,1.0,0.0,1.0,0.0,1.0,0.0,0.0,1.0,1.0,1.0,0.0,1.0,1.0,1.0,1.0,1.0,1.0,1.0,0.0,1.0,1.0,0.0,1.0,1.0,1.0,0.0,0.0,0.0,1.0,1.0,0.0,1.0,0.0,1.0,0.0,0.0,0.0,0.0,0
125,1.0,1.0,0.0,0.0,1.0,0.0,0.0,0.0,0.0,1.0,0.0,1.0,0.0,1.0,1.0,0.0,0.0,1.0,1.0,70622.0,0.0,0.0,8022334.989,1766.514,39.03779,60.60236,36.34573,1.0,0.0,0.0,188.059,150.0,495.0,0.0,0.0,0.0,0.0,0.0,1.0,1.0,0.0,0.0,1000.0,1.0,0.0,1.0,0.0,1.0,0.0,0.0,1.0,1.0,1.0,0.0,1.0,1.0,1.0,1.0,1.0,1.0,1.0,0.0,1.0,1.0,0.0,1.0,1.0,1.0,0.0,0.0,0.0,1.0,1.0,0.0,1.0,0.0,1.0,0.0,0.0,0.0,0.0,0
126,1.0,1.0,0.0,0.0,1.0,0.0,1.0,0.0,0.0,1.0,0.0,1.0,0.0,1.0,1.0,0.0,0.0,1.0,0.0,56.0,0.0,0.0,8023514.501,2470.362,34.84121,263.56143,1.89157,1.0,0.0,0.0,46.835,150.0,495.0,0.0,0.0,0.0,0.0,0.0,1.0,1.0,0.0,0.0,1000.0,1.0,0.0,1.0,0.0,1.0,0.0,0.0,1.0,1.0,1.0,0.0,1.0,1.0,1.0,1.0,1.0,1.0,1.0,0.0,1.0,1.0,0.0,1.0,1.0,1.0,0.0,0.0,0.0,1.0,0.0,0.0,1.0,0.0,1.0,0.0,0.0,0.0,0.0,0
127,1.0,1.0,0.0,0.0,1.0,0.0,1.0,0.0,0.0,1.0,0.0,1.0,0.0,1.0,1.0,0.0,0.0,1.0,1.0,164.0,0.0,0.0,8024693.923,8933.628,881.07755,263.56143,11.5503,1.0,0.0,0.0,27.494,150.0,495.0,0.0,0.0,0.0,0.0,0.0,1.0,1.0,0.0,0.0,1000.0,1.0,0.0,1.0,0.0,1.0,0.0,0.0,1.0,1.0,1.0,0.0,1.0,1.0,1.0,1.0,1.0,1.0,1.0,0.0,1.0,1.0,0.0,1.0,1.0,1.0,0.0,0.0,0.0,1.0,0.0,0.0,1.0,0.0,1.0,0.0,0.0,0.0,0.0,0
128,1.0,1.0,0.0,0.0,1.0,0.0,1.0,0.0,0.0,1.0,0.0,1.0,0.0,1.0,1.0,0.0,0.0,1.0,1.0,280.0,0.0,0.0,8025873.925,15911.898,39.03779,60.60236,36.34573,1.0,0.0,0.0,19.9,150.0,495.0,0.0,0.0,0.0,0.0,0.0,1.0,1.0,0.0,0.0,1000.0,1.0,0.0,1.0,0.0,1.0,0.0,0.0,1.0,1.0,1.0,0.0,1.0,1.0,1.0,1.0,1.0,1.0,1.0,0.0,1.0,1.0,0.0,1.0,1.0,1.0,0.0,0.0,0.0,1.0,1.0,0.0,1.0,0.0,1.0,0.0,0.0,0.0,0.0,0
129,1.0,1.0,0.0,0.0,1.0,0.0,1.0,0.0,0.0,1.0,0.0,1.0,0.0,1.0,1.0,0.0,0.0,1.0,0.0,329.0,0.0,0.0,8027053.559,18838.15,39.03779,60.60236,36.34573,1.0,0.0,0.0,36.281,150.0,495.0,0.0,0.0,0.0,0.0,0.0,1.0,1.0,0.0,0.0,1000.0,1.0,0.0,1.0,0.0,1.0,0.0,0.0,1.0,1.0,1.0,0.0,1.0,1.0,1.0,1.0,1.0,1.0,1.0,0.0,1.0,1.0,0.0,1.0,1.0,1.0,0.0,0.0,0.0,1.0,1.0,0.0,1.0,0.0,1.0,0.0,0.0,0.0,0.0,0
130,1.0,1.0,0.0,0.0,1.0,0.0,1.0,0.0,0.0,1.0,0.0,1.0,0.0,1.0,1.0,0.0,0.0,1.0,1.0,346.0,0.0,0.0,8027434.217,19859.602,39.03779,60.60236,36.34573,1.0,0.0,0.0,40.837,150.0,495.0,0.0,0.0,0.0,0.0,0.0,1.0,1.0,0.0,0.0,1000.0,1.0,0.0,1.0,0.0,1.0,0.0,0.0,1.0,1.0,1.0,0.0,1.0,1.0,1.0,1.0,1.0,1.0,1.0,0.0,1.0,1.0,0.0,1.0,1.0,1.0,0.0,0.0,0.0,1.0,0.0,0.0,1.0,0.0,1.0,0.0,0.0,0.0,0.0,0
131,1.0,1.0,0.0,0.0,1.0,0.0,1.0,0.0,0.0,1.0,0.0,1.0,0.0,1.0,1.0,0.0,0.0,1.0,0.0,447.0,0.0,0.0,8027814.88,25907.002,39.03779,60.60236,36.34573,1.0,0.0,0.0,22.622,150.0,495.0,0.0,0.0,0.0,0.0,0.0,1.0,1.0,0.0,0.0,1000.0,1.0,0.0,1.0,0.0,1.0,0.0,0.0,1.0,1.0,1.0,0.0,1.0,1.0,1.0,1.0,1.0,1.0,1.0,0.0,1.0,1.0,0.0,1.0,1.0,0.0,0.0,0.0,0.0,1.0,0.0,0.0,1.0,0.0,1.0,0.0,0.0,0.0,0.0,0
132,1.0,1.0,0.0,0.0,1.0,0.0,0.0,0.0,0.0,1.0,0.0,1.0,0.0,1.0,1.0,0.0,0.0,1.0,1.0,1390.0,0.0,0.0,8030762.308,3047.774,39.03779,60.60236,36.34573,1.0,0.0,0.0,175.479,150.0,495.0,0.0,0.0,0.0,0.0,0.0,1.0,1.0,0.0,0.0,1000.0,1.0,0.0,1.0,0.0,1.0,0.0,0.0,1.0,1.0,1.0,0.0,1.0,1.0,1.0,1.0,1.0,1.0,1.0,0.0,1.0,1.0,0.0,1.0,1.0,1.0,0.0,0.0,0.0,1.0,1.0,0.0,1.0,0.0,1.0,0.0,0.0,0.0,0.0,0
133,1.0,1.0,0.0,0.0,1.0,0.0,0.0,0.0,0.0,1.0,0.0,1.0,0.0,1.0,1.0,0.0,0.0,1.0,1.0,1440.0,0.0,0.0,8031868.96,6048.318,12.35814,16.38599,1.63249,1.0,0.0,0.0,191.118,150.0,495.0,0.0,0.0,0.0,0.0,0.0,1.0,1.0,0.0,0.0,1000.0,1.0,0.0,1.0,0.0,1.0,0.0,0.0,1.0,1.0,1.0,0.0,1.0,1.0,1.0,1.0,1.0,1.0,1.0,0.0,1.0,1.0,0.0,1.0,1.0,1.0,0.0,0.0,0.0,1.0,1.0,0.0,1.0,0.0,1.0,0.0,0.0,0.0,0.0,0
134,1.0,1.0,0.0,0.0,1.0,0.0,0.0,0.0,0.0,1.0,0.0,1.0,0.0,1.0,1.0,0.0,0.0,1.0,0.0,1485.0,0.0,0.0,8032691.85,1641.936,39.03779,60.60236,36.34573,1.0,0.0,0.0,164.959,150.0,495.0,0.0,0.0,0.0,0.0,0.0,1.0,1.0,0.0,0.0,1000.0,1.0,0.0,1.0,0.0,1.0,0.0,0.0,1.0,1.0,1.0,0.0,1.0,1.0,1.0,1.0,1.0,1.0,1.0,0.0,1.0,1.0,0.0,1.0,1.0,1.0,0.0,0.0,0.0,1.0,0.0,0.0,1.0,0.0,1.0,0.0,0.0,0.0,0.0,0
135,1.0,1.0,0.0,0.0,0.0,1.0,1.0,0.0,0.0,0.0,1.0,0.0,1.0,0.0,0.0,1.0,1.0,1.0,1.0,1637.0,0.0,0.0,8033003.28,0.09,83.9368,275.52018,34.12089,1.0,0.0,1.0,30.0,148.467,416.658,0.0,0.0,0.0,0.0,0.0,1.0,1.0,0.0,0.0,831.99823,1.0,0.0,1.0,0.0,1.0,0.0,1.0,0.0,0.0,1.0,0.0,1.0,1.0,1.0,1.0,1.0,1.0,1.0,0.0,1.0,1.0,0.0,1.0,1.0,1.0,0.0,0.0,0.0,0.0,0.0,1.0,1.0,0.0,1.0,0.0,0.0,0.0,0.0,0
136,1.0,1.0,0.0,0.0,1.0,0.0,0.0,0.0,0.0,1.0,0.0,1.0,0.0,1.0,1.0,0.0,0.0,1.0,1.0,31.0,0.0,0.0,8033584.688,1368.954,39.03779,60.60236,36.34573,1.0,0.0,0.0,143.094,150.0,495.0,0.0,0.0,0.0,0.0,0.0,1.0,1.0,0.0,0.0,1000.0,1.0,0.0,1.0,0.0,1.0,0.0,0.0,1.0,1.0,1.0,0.0,1.0,1.0,1.0,1.0,1.0,1.0,1.0,0.0,1.0,1.0,0.0,1.0,1.0,1.0,0.0,0.0,0.0,1.0,1.0,0.0,1.0,0.0,1.0,0.0,0.0,0.0,0.0,0
137,1.0,1.0,0.0,0.0,1.0,0.0,0.0,0.0,0.0,1.0,0.0,1.0,0.0,1.0,1.0,0.0,0.0,1.0,1.0,136.0,0.0,0.0,8035214.447,7671.272,39.03779,60.60236,36.34573,1.0,0.0,0.0,146.786,150.0,495.0,0.0,0.0,0.0,0.0,0.0,1.0,1.0,0.0,0.0,1000.0,1.0,0.0,1.0,0.0,1.0,0.0,0.0,1.0,1.0,1.0,0.0,1.0,1.0,1.0,1.0,1.0,1.0,1.0,0.0,1.0,1.0,0.0,1.0,1.0,1.0,0.0,0.0,0.0,1.0,1.0,0.0,1.0,0.0,1.0,0.0,0.0,0.0,0.0,0
138,1.0,1.0,0.0,0.0,1.0,0.0,0.0,0.0,0.0,1.0,0.0,1.0,0.0,1.0,1.0,0.0,0.0,1.0,0.0,926.0,0.0,0.0,8035643.419,55075.334,39.03779,60.60236,36.34573,1.0,0.0,0.0,127.826,150.0,495.0,0.0,0.0,0.0,0.0,0.0,1.0,1.0,0.0,0.0,1000.0,1.0,0.0,1.0,0.0,1.0,0.0,0.0,1.0,1.0,1.0,0.0,1.0,1.0,1.0,1.0,1.0,1.0,1.0,0.0,1.0,1.0,0.0,1.0,1.0,1.0,0.0,0.0,0.0,1.0,1.0,0.0,1.0,0.0,1.0,0.0,0.0,0.0,0.0,0
139,1.0,1.0,0.0,0.0,1.0,0.0,0.0,0.0,0.0,1.0,0.0,1.0,0.0,1.0,1.0,0.0,0.0,1.0,0.0,1000.0,0.0,0.0,8036072.361,59461.926,881.07755,263.56143,11.5503,1.0,0.0,0.0,106.546,150.0,495.0,0.0,0.0,0.0,0.0,0.0,1.0,1.0,0.0,0.0,1000.0,1.0,0.0,1.0,0.0,1.0,0.0,0.0,1.0,1.0,1.0,0.0,1.0,1.0,1.0,1.0,1.0,1.0,1.0,0.0,1.0,1.0,1.0,1.0,1.0,1.0,0.0,0.0,0.0,1.0,1.0,0.0,1.0,0.0,1.0,0.0,0.0,0.0,0.0,0
140,1.0,1.0,0.0,0.0,1.0,0.0,1.0,0.0,0.0,1.0,0.0,1.0,0.0,1.0,1.0,0.0,0.0,1.0,1.0,1139.0,0.0,0.0,8036072.361,0.706,108.96639,275.52018,33.89483,0.0,0.0,0.0,106.578,150.023,494.999,0.0,0.0,0.0,0.0,0.0,1.0,1.0,0.0,0.0,1000.0,1.0,0.0,1.0,0.0,1.0,0.0,0.0,1.0,1.0,1.0,0.0,1.0,1.0,1.0,1.0,1.0,1.0,1.0,0.0,1.0,1.0,0.0,1.0,1.0,1.0,0.0,0.0,0.0,0.0,0.0,0.0,1.0,0.0,1.0,0.0,0.0,0.0,0.0,0
141,1.0,1.0,0.0,0.0,1.0,0.0,0.0,0.0,0.0,1.0,0.0,1.0,0.0,1.0,1.0,0.0,0.0,1.0,1.0,1160.0,0.0,0.0,8036501.215,1251.278,0.84141,60.60236,1.72292,1.0,0.0,0.0,124.167,150.0,495.0,0.0,0.0,0.0,0.0,0.0,1.0,1.0,0.0,0.0,1000.0,1.0,0.0,1.0,0.0,1.0,0.0,0.0,1.0,1.0,1.0,0.0,1.0,1.0,1.0,1.0,1.0,1.0,1.0,0.0,1.0,1.0,0.0,1.0,1.0,1.0,0.0,0.0,0.0,1.0,0.0,0.0,1.0,0.0,1.0,0.0,0.0,0.0,0.0,0
142,0.0,1.0,0.0,0.0,1.0,0.0,0.0,0.0,0.0,1.0,0.0,1.0,0.0,1.0,1.0,0.0,0.0,1.0,1.0,1194.0,0.0,0.0,8036967.899,618.756,25.88007,60.36081,30.97998,1.0,0.0,0.0,31.14,312.5,495.0,0.0,0.0,0.0,0.0,0.0,1.0,1.0,0.0,0.0,1000.0,1.0,0.0,1.0,0.0,1.0,0.0,0.0,1.0,1.0,1.0,0.0,1.0,1.0,1.0,1.0,1.0,1.0,1.0,0.0,1.0,1.0,0.0,1.0,1.0,1.0,0.0,0.0,0.0,0.0,0.0,0.0,1.0,0.0,1.0,0.0,0.0,0.0,0.0,0
143,1.0,1.0,0.0,0.0,0.0,1.0,1.0,0.0,0.0,0.0,1.0,0.0,1.0,0.0,0.0,1.0,1.0,1.0,0.0,3146.0,0.0,0.0,8038171.741,0.0,212.93468,275.52018,73.82796,0.0,0.0,0.0,30.0,162.458,421.575,0.0,0.0,0.0,0.0,0.0,1.0,1.0,0.0,0.0,831.99823,1.0,0.0,1.0,0.0,1.0,0.0,1.0,0.0,0.0,1.0,0.0,1.0,1.0,1.0,1.0,1.0,1.0,1.0,0.0,1.0,1.0,0.0,1.0,1.0,1.0,0.0,0.0,0.0,0.0,0.0,1.0,0.0,1.0,1.0,0.0,0.0,0.0,0.0,0
144,1.0,1.0,0.0,0.0,1.0,0.0,0.0,0.0,0.0,1.0,0.0,1.0,0.0,1.0,1.0,0.0,0.0,1.0,1.0,3172.0,0.0,0.0,8038664.015,1461.824,39.03779,60.60236,36.34573,1.0,0.0,0.0,167.006,150.0,495.0,0.0,0.0,0.0,0.0,0.0,1.0,1.0,0.0,0.0,1000.0,1.0,0.0,1.0,0.0,1.0,0.0,0.0,1.0,1.0,1.0,0.0,1.0,1.0,1.0,1.0,1.0,1.0,1.0,0.0,1.0,1.0,0.0,1.0,1.0,1.0,0.0,0.0,0.0,1.0,1.0,0.0,1.0,0.0,1.0,0.0,0.0,0.0,0.0,0
145,0.0,0.0,1.0,0.0,0.0,1.0,1.0,0.0,0.0,1.0,0.0,1.0,0.0,1.0,1.0,0.0,0.0,1.0,1.0,4490.0,0.0,0.0,8038674.647,0.0,1000.0,263.56143,1000.0,0.0,0.0,0.0,359.806,299.999,484.361,0.0,0.0,0.0,0.0,0.0,1.0,1.0,0.0,0.0,831.99823,1.0,0.0,1.0,0.0,1.0,0.0,0.0,1.0,1.0,1.0,0.0,1.0,1.0,1.0,1.0,1.0,1.0,1.0,0.0,1.0,1.0,0.0,1.0,1.0,1.0,0.0,0.0,0.0,0.0,0.0,0.0,0.0,0.0,1.0,0.0,0.0,0.0,0.0,0
146,0.0,0.0,1.0,0.0,0.0,1.0,1.0,0.0,0.0,1.0,0.0,1.0,0.0,1.0,1.0,0.0,0.0,1.0,1.0,4504.0,1.0,0.0,8038674.647,0.0,1000.0,263.56143,1000.0,0.0,0.0,0.0,359.806,300.0,484.361,0.0,0.0,0.0,0.0,0.0,1.0,1.0,0.0,0.0,831.99823,1.0,0.0,1.0,0.0,1.0,0.0,0.0,1.0,1.0,1.0,0.0,1.0,1.0,1.0,1.0,1.0,1.0,1.0,0.0,1.0,1.0,0.0,1.0,1.0,1.0,0.0,0.0,1.0,0.0,0.0,0.0,0.0,0.0,1.0,0.0,0.0,0.0,0.0,0
147,1.0,1.0,0.0,0.0,1.0,0.0,0.0,0.0,0.0,1.0,0.0,1.0,0.0,1.0,1.0,0.0,0.0,1.0,0.0,9986.0,0.0,0.0,8081198.748,1581.004,39.03779,60.60236,36.34573,1.0,0.0,0.0,84.85,150.0,495.0,0.0,0.0,0.0,0.0,0.0,1.0,1.0,0.0,0.0,1000.0,1.0,0.0,1.0,0.0,1.0,0.0,0.0,1.0,1.0,1.0,0.0,1.0,1.0,1.0,1.0,1.0,1.0,1.0,0.0,1.0,1.0,0.0,1.0,1.0,0.0,0.0,0.0,0.0,1.0,1.0,0.0,1.0,0.0,1.0,0.0,0.0,0.0,0.0,0
148,1.0,1.0,0.0,0.0,1.0,0.0,0.0,0.0,0.0,1.0,0.0,1.0,0.0,1.0,1.0,0.0,0.0,1.0,0.0,10085.0,0.0,0.0,8082125.868,7515.77,39.03779,60.60236,36.34573,1.0,0.0,0.0,92.228,150.0,495.0,0.0,0.0,0.0,0.0,0.0,1.0,1.0,0.0,0.0,1000.0,1.0,0.0,1.0,0.0,1.0,0.0,0.0,1.0,1.0,1.0,0.0,1.0,1.0,1.0,1.0,1.0,1.0,1.0,0.0,1.0,1.0,0.0,1.0,1.0,1.0,0.0,0.0,0.0,1.0,0.0,0.0,1.0,0.0,1.0,0.0,0.0,0.0,0.0,0
149,1.0,1.0,0.0,0.0,1.0,0.0,0.0,0.0,0.0,1.0,0.0,1.0,0.0,1.0,1.0,0.0,0.0,1.0,1.0,10174.0,0.0,0.0,8083053.155,12816.696,7.54454,263.56143,2.49825,1.0,0.0,0.0,108.121,150.0,495.0,0.0,0.0,0.0,0.0,0.0,1.0,1.0,0.0,0.0,1000.0,1.0,0.0,1.0,0.0,1.0,0.0,0.0,1.0,1.0,1.0,0.0,1.0,1.0,1.0,1.0,1.0,1.0,1.0,0.0,1.0,1.0,0.0,1.0,1.0,1.0,0.0,0.0,0.0,1.0,0.0,0.0,1.0,0.0,1.0,0.0,0.0,0.0,0.0,0
150,1.0,1.0,0.0,0.0,1.0,0.0,0.0,0.0,0.0,1.0,0.0,1.0,0.0,1.0,1.0,0.0,0.0,1.0,1.0,10197.0,0.0,0.0,8083301.133,14213.584,881.07755,263.56143,11.5503,1.0,0.0,0.0,92.1,150.0,495.0,0.0,0.0,0.0,0.0,0.0,1.0,1.0,0.0,1.0,1000.0,1.0,0.0,1.0,0.0,1.0,0.0,0.0,1.0,1.0,1.0,0.0,1.0,1.0,1.0,1.0,1.0,1.0,1.0,0.0,1.0,1.0,0.0,1.0,1.0,1.0,0.0,0.0,0.0,1.0,0.0,0.0,1.0,0.0,1.0,0.0,0.0,0.0,0.0,0
151,1.0,1.0,0.0,0.0,1.0,0.0,0.0,0.0,0.0,1.0,0.0,1.0,0.0,1.0,1.0,0.0,0.0,1.0,1.0,10277.0,0.0,0.0,8084108.453,19035.454,5.04471,16.38599,6.57671,1.0,0.0,0.0,86.841,150.0,495.0,0.0,0.0,0.0,0.0,0.0,1.0,1.0,0.0,0.0,1000.0,1.0,0.0,1.0,0.0,1.0,0.0,0.0,1.0,1.0,1.0,0.0,1.0,1.0,1.0,1.0,1.0,1.0,1.0,0.0,1.0,1.0,1.0,1.0,1.0,1.0,0.0,0.0,0.0,1.0,1.0,0.0,1.0,0.0,1.0,0.0,0.0,0.0,0.0,0
152,1.0,1.0,0.0,0.0,1.0,0.0,0.0,0.0,0.0,1.0,0.0,1.0,0.0,1.0,1.0,0.0,0.0,1.0,1.0,11390.0,0.0,0.0,8085991.149,1040.438,39.03779,60.60236,36.34573,1.0,0.0,0.0,92.581,150.0,495.0,0.0,0.0,0.0,0.0,0.0,1.0,1.0,0.0,0.0,1000.0,1.0,0.0,1.0,0.0,1.0,0.0,0.0,1.0,1.0,1.0,0.0,1.0,1.0,1.0,1.0,1.0,1.0,1.0,0.0,1.0,1.0,0.0,1.0,1.0,1.0,0.0,0.0,0.0,1.0,0.0,0.0,1.0,0.0,1.0,0.0,0.0,0.0,0.0,0
153,1.0,1.0,0.0,0.0,1.0,0.0,1.0,0.0,0.0,1.0,0.0,1.0,0.0,1.0,1.0,0.0,0.0,1.0,1.0,11442.0,0.0,0.0,8086971.225,4127.77,4.62196,16.38599,2.43767,1.0,0.0,0.0,73.769,150.0,495.0,0.0,0.0,0.0,0.0,0.0,1.0,1.0,0.0,0.0,1000.0,1.0,0.0,1.0,0.0,1.0,0.0,0.0,1.0,1.0,1.0,0.0,1.0,1.0,1.0,1.0,1.0,1.0,1.0,0.0,1.0,1.0,0.0,1.0,1.0,1.0,0.0,0.0,0.0,1.0,0.0,0.0,1.0,0.0,1.0,0.0,0.0,0.0,0.0,0
154,1.0,1.0,0.0,0.0,1.0,0.0,0.0,0.0,0.0,1.0,0.0,1.0,0.0,1.0,1.0,0.0,0.0,1.0,0.0,11484.0,0.0,0.0,8087923.759,6597.324,0.95402,16.38599,1.82073,1.0,0.0,0.0,132.545,150.0,495.0,0.0,0.0,0.0,0.0,0.0,1.0,1.0,0.0,0.0,1000.0,1.0,0.0,1.0,0.0,1.0,0.0,0.0,1.0,1.0,1.0,0.0,1.0,1.0,1.0,1.0,1.0,1.0,1.0,0.0,1.0,1.0,0.0,1.0,1.0,1.0,0.0,0.0,0.0,1.0,1.0,0.0,1.0,0.0,1.0,0.0,0.0,0.0,0.0,0
155,1.0,1.0,0.0,0.0,0.0,1.0,1.0,0.0,0.0,1.0,0.0,1.0,0.0,1.0,1.0,0.0,0.0,1.0,0.0,11517.0,0.0,0.0,8088167.553,0.088,1000.0,263.56143,1000.0,0.0,0.0,0.0,94.064,300.0,495.0,0.0,0.0,0.0,0.0,0.0,1.0,1.0,0.0,0.0,382.36132,1.0,0.0,1.0,0.0,1.0,0.0,0.0,1.0,1.0,1.0,0.0,1.0,1.0,1.0,1.0,1.0,1.0,1.0,0.0,1.0,1.0,0.0,1.0,1.0,1.0,0.0,0.0,0.0,0.0,0.0,0.0,1.0,0.0,1.0,0.0,0.0,0.0,0.0,0
156,1.0,1.0,0.0,0.0,1.0,0.0,0.0,0.0,0.0,1.0,0.0,1.0,0.0,1.0,1.0,0.0,0.0,1.0,1.0,11539.0,0.0,0.0,8088773.299,1307.824,11.27529,16.38599,2.07369,1.0,0.0,0.0,150.874,150.0,495.0,0.0,0.0,0.0,0.0,0.0,1.0,1.0,0.0,0.0,1000.0,1.0,0.0,1.0,0.0,1.0,0.0,0.0,1.0,1.0,1.0,0.0,1.0,1.0,1.0,1.0,1.0,1.0,1.0,0.0,1.0,1.0,0.0,1.0,1.0,0.0,0.0,0.0,0.0,1.0,0.0,0.0,1.0,0.0,1.0,0.0,0.0,0.0,0.0,0
157,1.0,1.0,0.0,0.0,1.0,0.0,0.0,0.0,0.0,1.0,0.0,1.0,0.0,1.0,1.0,0.0,0.0,1.0,0.0,11589.0,0.0,0.0,8089622.84,4281.52,39.03779,60.60236,36.34573,1.0,0.0,0.0,123.057,150.0,495.0,0.0,0.0,0.0,0.0,0.0,1.0,1.0,0.0,0.0,1000.0,1.0,0.0,1.0,0.0,1.0,0.0,0.0,1.0,1.0,1.0,0.0,1.0,1.0,1.0,1.0,1.0,1.0,1.0,0.0,1.0,1.0,0.0,1.0,1.0,1.0,0.0,0.0,0.0,1.0,1.0,0.0,1.0,0.0,1.0,0.0,0.0,0.0,0.0,0
158,1.0,1.0,0.0,0.0,1.0,0.0,0.0,0.0,0.0,1.0,0.0,1.0,0.0,1.0,1.0,0.0,0.0,1.0,0.0,11638.0,0.0,0.0,8090472.448,7231.124,0.41042,263.56143,1.50276,1.0,0.0,0.0,142.022,150.0,495.0,0.0,0.0,0.0,0.0,0.0,1.0,1.0,0.0,0.0,1000.0,1.0,0.0,1.0,0.0,1.0,0.0,0.0,1.0,1.0,1.0,0.0,1.0,1.0,1.0,1.0,1.0,1.0,1.0,0.0,1.0,1.0,0.0,1.0,1.0,0.0,0.0,0.0,0.0,1.0,1.0,0.0,1.0,0.0,1.0,0.0,0.0,0.0,0.0,0
159,1.0,1.0,0.0,0.0,1.0,0.0,0.0,0.0,0.0,1.0,0.0,1.0,0.0,1.0,1.0,0.0,0.0,1.0,1.0,11676.0,0.0,0.0,8091104.716,9499.428,5.04471,16.38599,6.57671,1.0,0.0,0.0,135.237,150.0,495.0,0.0,0.0,0.0,0.0,0.0,1.0,1.0,0.0,0.0,1000.0,1.0,0.0,1.0,0.0,1.0,0.0,0.0,1.0,1.0,1.0,0.0,1.0,1.0,1.0,1.0,1.0,1.0,1.0,0.0,1.0,1.0,0.0,1.0,1.0,0.0,0.0,0.0,0.0,1.0,1.0,0.0,1.0,0.0,1.0,0.0,0.0,0.0,0.0,0
160,1.0,1.0,0.0,0.0,1.0,0.0,0.0,0.0,0.0,1.0,0.0,1.0,0.0,1.0,1.0,0.0,0.0,1.0,0.0,11739.0,0.0,0.0,8091736.816,13271.222,5.04471,16.38599,6.57671,1.0,0.0,0.0,120.739,150.0,495.0,0.0,0.0,0.0,0.0,0.0,1.0,1.0,0.0,0.0,1000.0,1.0,0.0,1.0,0.0,1.0,0.0,0.0,1.0,1.0,1.0,0.0,1.0,1.0,1.0,1.0,1.0,1.0,1.0,0.0,1.0,1.0,0.0,1.0,1.0,1.0,0.0,0.0,0.0,1.0,0.0,0.0,1.0,0.0,1.0,0.0,0.0,0.0,0.0,0
161,1.0,1.0,0.0,0.0,1.0,0.0,0.0,0.0,0.0,1.0,0.0,1.0,0.0,1.0,1.0,0.0,0.0,1.0,1.0,12855.0,0.0,0.0,8093387.788,2977.22,39.03779,60.60236,36.34573,1.0,0.0,0.0,113.355,150.0,495.0,0.0,0.0,0.0,0.0,0.0,1.0,1.0,0.0,0.0,1000.0,1.0,0.0,1.0,0.0,1.0,0.0,0.0,1.0,1.0,1.0,0.0,1.0,1.0,1.0,1.0,1.0,1.0,1.0,0.0,1.0,1.0,0.0,1.0,1.0,1.0,0.0,0.0,0.0,1.0,0.0,0.0,1.0,0.0,1.0,0.0,0.0,0.0,0.0,0
162,1.0,1.0,0.0,0.0,0.0,1.0,1.0,0.0,0.0,1.0,0.0,1.0,0.0,1.0,1.0,0.0,0.0,1.0,0.0,377.0,0.0,0.0,8093897.058,0.094,1000.0,275.52018,371.84518,0.0,0.0,0.0,243.263,100.0,480.0,0.0,0.0,0.0,0.0,0.0,1.0,1.0,0.0,0.0,1000.0,1.0,0.0,1.0,0.0,1.0,0.0,1.0,0.0,0.0,1.0,0.0,1.0,1.0,1.0,1.0,1.0,1.0,1.0,0.0,1.0,1.0,0.0,1.0,1.0,0.0,0.0,0.0,0.0,1.0,1.0,1.0,0.0,1.0,1.0,0.0,0.0,0.0,0.0,0
163,1.0,1.0,0.0,0.0,1.0,0.0,0.0,0.0,0.0,1.0,0.0,1.0,0.0,1.0,1.0,0.0,0.0,1.0,0.0,1444.0,0.0,0.0,8094803.492,2715.782,5.04471,16.38599,6.57671,1.0,0.0,0.0,104.891,150.0,495.0,0.0,0.0,0.0,0.0,0.0,1.0,1.0,0.0,0.0,1000.0,1.0,0.0,1.0,0.0,1.0,0.0,0.0,1.0,1.0,1.0,0.0,1.0,1.0,1.0,1.0,1.0,1.0,1.0,0.0,1.0,1.0,0.0,1.0,1.0,1.0,0.0,0.0,0.0,1.0,0.0,0.0,1.0,0.0,1.0,0.0,0.0,0.0,0.0,0
164,1.0,1.0,0.0,0.0,1.0,0.0,0.0,0.0,0.0,1.0,0.0,1.0,0.0,1.0,1.0,0.0,0.0,1.0,0.0,1508.0,0.0,0.0,8095744.279,6579.542,39.03779,60.60236,36.34573,1.0,0.0,0.0,89.415,150.0,495.0,0.0,0.0,0.0,0.0,0.0,1.0,1.0,0.0,0.0,1000.0,1.0,0.0,1.0,0.0,1.0,0.0,0.0,1.0,1.0,1.0,0.0,1.0,1.0,1.0,1.0,1.0,1.0,1.0,0.0,1.0,1.0,0.0,1.0,1.0,1.0,0.0,0.0,0.0,1.0,1.0,0.0,1.0,0.0,1.0,0.0,0.0,0.0,0.0,0
165,1.0,1.0,0.0,0.0,1.0,0.0,0.0,0.0,0.0,1.0,0.0,1.0,0.0,1.0,1.0,0.0,0.0,1.0,1.0,1632.0,0.0,0.0,8096071.409,13993.73,39.03779,60.60236,36.34573,1.0,0.0,0.0,99.762,150.0,495.0,0.0,0.0,0.0,0.0,0.0,1.0,1.0,0.0,0.0,1000.0,1.0,0.0,1.0,0.0,1.0,0.0,0.0,1.0,1.0,1.0,0.0,1.0,1.0,1.0,1.0,1.0,1.0,1.0,0.0,1.0,1.0,0.0,1.0,1.0,1.0,0.0,0.0,0.0,1.0,1.0,0.0,1.0,0.0,1.0,0.0,0.0,0.0,0.0,0
166,1.0,1.0,0.0,0.0,1.0,0.0,0.0,0.0,0.0,1.0,0.0,1.0,0.0,1.0,1.0,0.0,0.0,1.0,0.0,5826.0,0.0,0.0,8096727.997,3889.038,881.07755,16.38599,3.13198,1.0,0.0,0.0,93.355,150.0,495.0,0.0,0.0,0.0,0.0,0.0,1.0,1.0,0.0,0.0,1000.0,1.0,0.0,1.0,0.0,1.0,0.0,0.0,1.0,1.0,1.0,0.0,1.0,1.0,1.0,1.0,1.0,1.0,1.0,0.0,1.0,1.0,0.0,1.0,1.0,1.0,0.0,0.0,0.0,1.0,0.0,0.0,1.0,0.0,1.0,0.0,0.0,0.0,0.0,0
167,1.0,1.0,0.0,0.0,1.0,0.0,0.0,0.0,0.0,1.0,0.0,1.0,0.0,1.0,1.0,0.0,0.0,1.0,0.0,5908.0,0.0,0.0,8098053.919,8806.948,61.99611,60.60236,3.4326,1.0,0.0,0.0,105.847,150.0,495.0,0.0,0.0,0.0,0.0,0.0,1.0,1.0,0.0,0.0,1000.0,1.0,0.0,1.0,0.0,1.0,0.0,0.0,1.0,1.0,1.0,0.0,1.0,1.0,1.0,1.0,1.0,1.0,1.0,0.0,1.0,1.0,0.0,1.0,1.0,1.0,0.0,0.0,0.0,1.0,0.0,0.0,1.0,0.0,1.0,0.0,0.0,0.0,0.0,0
168,1.0,1.0,0.0,0.0,1.0,0.0,1.0,0.0,0.0,1.0,0.0,1.0,0.0,1.0,1.0,0.0,0.0,1.0,1.0,10109.0,0.0,0.0,8099674.169,3155.448,5.04471,16.38599,6.57671,1.0,0.0,0.0,50.211,150.0,495.0,0.0,0.0,0.0,0.0,0.0,1.0,1.0,0.0,0.0,1000.0,1.0,0.0,1.0,0.0,1.0,0.0,0.0,1.0,1.0,1.0,0.0,1.0,1.0,1.0,1.0,1.0,1.0,1.0,0.0,1.0,1.0,0.0,1.0,1.0,1.0,0.0,0.0,0.0,1.0,0.0,0.0,1.0,0.0,1.0,0.0,0.0,0.0,0.0,0
169,1.0,1.0,0.0,0.0,1.0,0.0,1.0,0.0,0.0,1.0,0.0,1.0,0.0,1.0,1.0,0.0,0.0,1.0,0.0,10191.0,0.0,0.0,8101433.802,8003.868,4.62196,16.38599,2.43767,1.0,0.0,0.0,19.812,150.0,495.0,0.0,0.0,0.0,0.0,0.0,1.0,1.0,0.0,0.0,1000.0,1.0,0.0,1.0,0.0,1.0,0.0,0.0,1.0,1.0,1.0,0.0,1.0,1.0,1.0,1.0,1.0,1.0,1.0,0.0,1.0,1.0,0.0,1.0,1.0,1.0,0.0,0.0,0.0,1.0,1.0,0.0,1.0,0.0,1.0,0.0,0.0,0.0,0.0,0
170,1.0,1.0,0.0,0.0,1.0,0.0,0.0,0.0,0.0,1.0,0.0,1.0,0.0,1.0,1.0,0.0,0.0,1.0,1.0,20183.0,0.0,0.0,8101639.546,4773.904,39.03779,60.60236,36.34573,1.0,0.0,0.0,107.758,150.0,495.0,0.0,0.0,0.0,0.0,0.0,1.0,1.0,0.0,0.0,1000.0,1.0,0.0,1.0,0.0,1.0,0.0,0.0,1.0,1.0,1.0,0.0,1.0,1.0,1.0,1.0,1.0,1.0,1.0,0.0,1.0,1.0,0.0,1.0,1.0,1.0,0.0,0.0,0.0,1.0,0.0,0.0,1.0,0.0,1.0,0.0,0.0,0.0,0.0,0
171,1.0,1.0,0.0,0.0,1.0,0.0,0.0,0.0,0.0,1.0,0.0,1.0,0.0,1.0,1.0,0.0,0.0,1.0,0.0,20314.0,0.0,0.0,8102050.964,12658.768,39.03779,60.60236,36.34573,1.0,0.0,0.0,122.314,150.0,495.0,0.0,0.0,0.0,0.0,0.0,1.0,1.0,0.0,0.0,1000.0,1.0,0.0,1.0,0.0,1.0,0.0,0.0,1.0,1.0,1.0,0.0,1.0,1.0,1.0,1.0,1.0,1.0,1.0,0.0,1.0,1.0,0.0,1.0,1.0,1.0,0.0,0.0,0.0,1.0,0.0,0.0,1.0,0.0,1.0,0.0,0.0,0.0,0.0,0
172,1.0,1.0,0.0,0.0,1.0,0.0,0.0,0.0,0.0,1.0,0.0,1.0,0.0,1.0,1.0,0.0,0.0,1.0,0.0,20393.0,0.0,0.0,8102256.656,17394.464,39.03779,60.60236,36.34573,1.0,0.0,0.0,120.424,150.0,495.0,0.0,0.0,0.0,0.0,0.0,1.0,1.0,0.0,0.0,1000.0,1.0,0.0,1.0,0.0,1.0,0.0,0.0,1.0,1.0,1.0,0.0,1.0,1.0,1.0,1.0,1.0,1.0,1.0,0.0,1.0,1.0,0.0,1.0,1.0,1.0,0.0,0.0,0.0,1.0,0.0,0.0,1.0,0.0,1.0,0.0,0.0,0.0,0.0,0
173,1.0,1.0,0.0,0.0,1.0,0.0,0.0,0.0,0.0,1.0,0.0,1.0,0.0,1.0,1.0,0.0,0.0,1.0,0.0,20439.0,0.0,0.0,8102462.396,20118.048,3.16167,263.56143,4.65317,1.0,0.0,0.0,149.008,150.0,495.0,0.0,0.0,0.0,0.0,0.0,1.0,1.0,0.0,0.0,1000.0,1.0,0.0,1.0,0.0,1.0,0.0,0.0,1.0,1.0,1.0,0.0,1.0,1.0,1.0,1.0,1.0,1.0,1.0,0.0,1.0,1.0,0.0,1.0,1.0,1.0,0.0,0.0,0.0,1.0,0.0,0.0,1.0,0.0,1.0,0.0,0.0,0.0,0.0,0
174,1.0,1.0,0.0,0.0,1.0,0.0,0.0,0.0,0.0,1.0,0.0,1.0,0.0,1.0,1.0,0.0,0.0,1.0,1.0,21543.0,0.0,0.0,8102634.464,86358.74,39.03779,60.60236,36.34573,1.0,0.0,0.0,111.173,150.0,495.0,0.0,0.0,0.0,0.0,0.0,1.0,1.0,0.0,0.0,1000.0,1.0,0.0,1.0,0.0,1.0,0.0,0.0,1.0,1.0,1.0,0.0,1.0,1.0,1.0,1.0,1.0,1.0,1.0,0.0,1.0,1.0,0.0,1.0,1.0,1.0,0.0,0.0,0.0,1.0,0.0,0.0,1.0,0.0,1.0,0.0,0.0,0.0,0.0,0
175,1.0,1.0,0.0,0.0,1.0,0.0,0.0,0.0,0.0,1.0,0.0,1.0,0.0,1.0,1.0,0.0,0.0,1.0,0.0,21608.0,0.0,0.0,8103061.528,594.822,5.04471,16.38599,6.57671,1.0,0.0,0.0,89.194,150.0,495.0,0.0,0.0,0.0,0.0,0.0,1.0,1.0,0.0,0.0,1000.0,1.0,0.0,1.0,0.0,1.0,0.0,0.0,1.0,1.0,1.0,0.0,1.0,1.0,1.0,1.0,1.0,1.0,1.0,0.0,1.0,1.0,0.0,1.0,1.0,1.0,0.0,0.0,0.0,1.0,1.0,0.0,1.0,0.0,1.0,0.0,0.0,0.0,0.0,0
176,1.0,1.0,0.0,0.0,1.0,0.0,0.0,0.0,0.0,1.0,0.0,1.0,0.0,1.0,1.0,0.0,0.0,1.0,1.0,21639.0,0.0,0.0,8103316.702,2439.456,24.10436,263.56143,1.83544,1.0,0.0,0.0,98.173,150.0,495.0,0.0,0.0,0.0,0.0,0.0,1.0,1.0,0.0,0.0,1000.0,1.0,0.0,1.0,0.0,1.0,0.0,0.0,1.0,1.0,1.0,0.0,1.0,1.0,1.0,1.0,1.0,1.0,1.0,0.0,1.0,1.0,1.0,1.0,1.0,1.0,0.0,0.0,0.0,1.0,1.0,0.0,1.0,0.0,1.0,0.0,0.0,0.0,0.0,0
177,1.0,1.0,0.0,0.0,1.0,0.0,0.0,0.0,0.0,1.0,0.0,1.0,0.0,1.0,1.0,0.0,0.0,1.0,1.0,21789.0,0.0,0.0,8104279.452,11433.564,881.07755,263.56143,11.5503,1.0,0.0,0.0,114.04,150.0,495.0,0.0,0.0,0.0,0.0,0.0,1.0,1.0,0.0,0.0,1000.0,1.0,0.0,1.0,0.0,1.0,0.0,0.0,1.0,1.0,1.0,0.0,1.0,1.0,1.0,1.0,1.0,1.0,1.0,0.0,1.0,1.0,0.0,1.0,1.0,1.0,0.0,0.0,0.0,1.0,1.0,0.0,1.0,0.0,1.0,0.0,0.0,0.0,0.0,0
